valid_time,time,step,t2m
2012-01-01 06:00:00,2012-01-01,0 days 06:00:00,5.346263
2012-01-01 12:00:00,2012-01-01,0 days 12:00:00,7.6694775
2012-01-01 18:00:00,2012-01-01,0 days 18:00:00,7.5116386
2012-01-02 00:00:00,2012-01-01,1 days 00:00:00,7.291594
2012-01-02 06:00:00,2012-01-01,1 days 06:00:00,6.9901986
2012-01-02 12:00:00,2012-01-01,1 days 12:00:00,6.197594
2012-01-02 18:00:00,2012-01-01,1 days 18:00:00,4.5085607
2012-01-03 00:00:00,2012-01-01,2 days 00:00:00,3.9826624
2012-01-03 06:00:00,2012-01-01,2 days 06:00:00,4.155913
2012-01-03 12:00:00,2012-01-01,2 days 12:00:00,4.562729
2012-01-03 18:00:00,2012-01-01,2 days 18:00:00,5.682539
2012-01-04 00:00:00,2012-01-01,3 days 00:00:00,5.380307
2012-01-04 06:00:00,2012-01-01,3 days 06:00:00,4.8358994
2012-01-04 12:00:00,2012-01-01,3 days 12:00:00,5.064523
2012-01-04 18:00:00,2012-01-01,3 days 18:00:00,4.5438976
2012-01-05 00:00:00,2012-01-01,4 days 00:00:00,3.9876053
2012-01-05 06:00:00,2012-01-01,4 days 06:00:00,3.4949691
2012-01-05 12:00:00,2012-01-01,4 days 12:00:00,4.4016075
2012-01-05 18:00:00,2012-01-01,4 days 18:00:00,3.779607
2012-01-06 00:00:00,2012-01-01,5 days 00:00:00,3.3410196
2012-01-06 06:00:00,2012-01-01,5 days 06:00:00,3.3111546
2012-01-06 12:00:00,2012-01-01,5 days 12:00:00,5.1033983
2012-01-06 18:00:00,2012-01-01,5 days 18:00:00,5.336677
2012-01-07 00:00:00,2012-01-01,6 days 00:00:00,6.0055904
2012-01-07 06:00:00,2012-01-01,6 days 06:00:00,6.0872664
2012-01-07 12:00:00,2012-01-01,6 days 12:00:00,6.157273
2012-01-07 18:00:00,2012-01-01,6 days 18:00:00,5.3044777
2012-01-08 00:00:00,2012-01-01,7 days 00:00:00,4.8382416
2012-01-08 06:00:00,2012-01-01,7 days 06:00:00,4.4811797
2012-01-08 12:00:00,2012-01-01,7 days 12:00:00,5.278531
2012-01-08 18:00:00,2012-01-01,7 days 18:00:00,4.580172
2012-01-09 00:00:00,2012-01-01,8 days 00:00:00,4.4103575
2012-01-09 06:00:00,2012-01-01,8 days 06:00:00,4.3830757
2012-01-09 12:00:00,2012-01-01,8 days 12:00:00,5.215798
2012-01-09 18:00:00,2012-01-01,8 days 18:00:00,4.5114937
2012-01-10 00:00:00,2012-01-01,9 days 00:00:00,4.297674
2012-01-10 06:00:00,2012-01-01,9 days 06:00:00,4.2999063
2012-01-10 12:00:00,2012-01-01,9 days 12:00:00,5.1584973
2012-01-10 18:00:00,2012-01-01,9 days 18:00:00,4.6532745
2012-01-11 00:00:00,2012-01-01,10 days 00:00:00,4.461418
2012-01-11 06:00:00,2012-01-01,10 days 06:00:00,4.4007974
2012-01-11 12:00:00,2012-01-01,10 days 12:00:00,4.9112353
2012-01-11 18:00:00,2012-01-01,10 days 18:00:00,4.2791867
2012-01-12 00:00:00,2012-01-01,11 days 00:00:00,3.9897642
2012-01-12 06:00:00,2012-01-01,11 days 06:00:00,4.1045685
2012-01-12 12:00:00,2012-01-01,11 days 12:00:00,4.9929433
2012-01-12 18:00:00,2012-01-01,11 days 18:00:00,4.346844
2012-01-13 00:00:00,2012-01-01,12 days 00:00:00,3.8539965
2012-01-13 06:00:00,2012-01-01,12 days 06:00:00,3.6110158
2012-01-13 12:00:00,2012-01-01,12 days 12:00:00,4.5292306
2012-01-13 18:00:00,2012-01-01,12 days 18:00:00,3.710151
2012-01-14 00:00:00,2012-01-01,13 days 00:00:00,3.200248
2012-01-14 06:00:00,2012-01-01,13 days 06:00:00,2.954192
2012-01-14 12:00:00,2012-01-01,13 days 12:00:00,3.7694695
2012-01-14 18:00:00,2012-01-01,13 days 18:00:00,3.0643308
2012-01-15 00:00:00,2012-01-01,14 days 00:00:00,2.6564424
2012-01-15 06:00:00,2012-01-01,14 days 06:00:00,2.4304168
2012-01-15 12:00:00,2012-01-01,14 days 12:00:00,3.2312946
2012-01-15 18:00:00,2012-01-01,14 days 18:00:00,2.4250953
2012-01-16 00:00:00,2012-01-01,15 days 00:00:00,2.1407583
2012-01-16 06:00:00,2012-01-01,15 days 06:00:00,2.1697423
2012-01-16 12:00:00,2012-01-01,15 days 12:00:00,3.328872
2012-01-16 18:00:00,2012-01-01,15 days 18:00:00,2.669446
2012-01-17 00:00:00,2012-01-01,16 days 00:00:00,2.4358113
2012-01-17 06:00:00,2012-01-01,16 days 06:00:00,2.146794
2012-01-17 12:00:00,2012-01-01,16 days 12:00:00,3.155211
2012-01-17 18:00:00,2012-01-01,16 days 18:00:00,2.416853
2012-01-18 00:00:00,2012-01-01,17 days 00:00:00,2.215292
2012-01-18 06:00:00,2012-01-01,17 days 06:00:00,1.8997387
2012-01-18 12:00:00,2012-01-01,17 days 12:00:00,3.027811
2012-01-18 18:00:00,2012-01-01,17 days 18:00:00,2.4058876
2012-01-19 00:00:00,2012-01-01,18 days 00:00:00,2.129541
2012-01-19 06:00:00,2012-01-01,18 days 06:00:00,1.9764354
2012-01-19 12:00:00,2012-01-01,18 days 12:00:00,3.0748796
2012-01-19 18:00:00,2012-01-01,18 days 18:00:00,2.3990068
2012-01-20 00:00:00,2012-01-01,19 days 00:00:00,2.1023417
2012-01-20 06:00:00,2012-01-01,19 days 06:00:00,1.9924157
2012-01-20 12:00:00,2012-01-01,19 days 12:00:00,3.1565733
2012-01-20 18:00:00,2012-01-01,19 days 18:00:00,2.331219
2012-01-21 00:00:00,2012-01-01,20 days 00:00:00,2.0934353
2012-01-21 06:00:00,2012-01-01,20 days 06:00:00,2.0883756
2012-01-21 12:00:00,2012-01-01,20 days 12:00:00,3.2763288
2012-01-21 18:00:00,2012-01-01,20 days 18:00:00,2.6734023
2012-01-22 00:00:00,2012-01-01,21 days 00:00:00,2.2780335
2012-01-22 06:00:00,2012-01-01,21 days 06:00:00,2.003737
2012-01-22 12:00:00,2012-01-01,21 days 12:00:00,3.2178473
2012-01-22 18:00:00,2012-01-01,21 days 18:00:00,2.642887
2012-01-23 00:00:00,2012-01-01,22 days 00:00:00,2.488087
2012-01-23 06:00:00,2012-01-01,22 days 06:00:00,2.273055
2012-01-23 12:00:00,2012-01-01,22 days 12:00:00,3.4318395
2012-01-23 18:00:00,2012-01-01,22 days 18:00:00,2.6349478
2012-01-24 00:00:00,2012-01-01,23 days 00:00:00,2.3692079
2012-01-24 06:00:00,2012-01-01,23 days 06:00:00,2.2591274
2012-01-24 12:00:00,2012-01-01,23 days 12:00:00,3.4645374
2012-01-24 18:00:00,2012-01-01,23 days 18:00:00,2.607584
2012-01-25 00:00:00,2012-01-01,24 days 00:00:00,2.3317137
2012-01-25 06:00:00,2012-01-01,24 days 06:00:00,1.8261561
2012-01-25 12:00:00,2012-01-01,24 days 12:00:00,3.077253
2012-01-25 18:00:00,2012-01-01,24 days 18:00:00,2.340567
2012-01-26 00:00:00,2012-01-01,25 days 00:00:00,1.9913541
2012-01-26 06:00:00,2012-01-01,25 days 06:00:00,1.7957909
2012-01-26 12:00:00,2012-01-01,25 days 12:00:00,2.6822336
2012-01-26 18:00:00,2012-01-01,25 days 18:00:00,1.6282401
2012-01-27 00:00:00,2012-01-01,26 days 00:00:00,1.1938863
2012-01-27 06:00:00,2012-01-01,26 days 06:00:00,1.0181613
2012-01-27 12:00:00,2012-01-01,26 days 12:00:00,2.4725888
2012-01-27 18:00:00,2012-01-01,26 days 18:00:00,2.0066564
2012-01-28 00:00:00,2012-01-01,27 days 00:00:00,1.6188017
2012-01-28 06:00:00,2012-01-01,27 days 06:00:00,1.3465763
2012-01-28 12:00:00,2012-01-01,27 days 12:00:00,2.6191876
2012-01-28 18:00:00,2012-01-01,27 days 18:00:00,1.6598599
2012-01-29 00:00:00,2012-01-01,28 days 00:00:00,0.99600416
2012-01-29 06:00:00,2012-01-01,28 days 06:00:00,0.7281568
2012-01-29 12:00:00,2012-01-01,28 days 12:00:00,2.4664116
2012-01-29 18:00:00,2012-01-01,28 days 18:00:00,1.8996419
2012-01-30 00:00:00,2012-01-01,29 days 00:00:00,1.933936
2012-01-30 06:00:00,2012-01-01,29 days 06:00:00,1.5114005
2012-01-30 12:00:00,2012-01-01,29 days 12:00:00,2.8624027
2012-01-30 18:00:00,2012-01-01,29 days 18:00:00,2.0499783
2012-01-31 00:00:00,2012-01-01,30 days 00:00:00,1.8537589
2012-01-31 06:00:00,2012-01-01,30 days 06:00:00,1.5628313
2012-01-31 12:00:00,2012-01-01,30 days 12:00:00,2.9208362
2012-01-31 18:00:00,2012-01-01,30 days 18:00:00,1.9044886
2012-02-01 00:00:00,2012-01-01,31 days 00:00:00,1.2360682
2012-02-01 06:00:00,2012-01-01,31 days 06:00:00,0.9198041
2012-02-01 12:00:00,2012-01-01,31 days 12:00:00,2.643298
2012-02-01 18:00:00,2012-01-01,31 days 18:00:00,2.005263
2012-02-02 00:00:00,2012-01-01,32 days 00:00:00,1.6277006
2012-02-02 06:00:00,2012-01-01,32 days 06:00:00,1.4526035
2012-02-02 12:00:00,2012-01-01,32 days 12:00:00,3.0128999
2012-02-02 18:00:00,2012-01-01,32 days 18:00:00,2.1980722
2012-02-03 00:00:00,2012-01-01,33 days 00:00:00,1.6542044
2012-02-03 06:00:00,2012-01-01,33 days 06:00:00,1.4020305
2012-02-03 12:00:00,2012-01-01,33 days 12:00:00,2.8175223
2012-02-03 18:00:00,2012-01-01,33 days 18:00:00,2.1514604
2012-02-04 00:00:00,2012-01-01,34 days 00:00:00,2.0429318
2012-02-04 06:00:00,2012-01-01,34 days 06:00:00,1.8097525
2012-02-04 12:00:00,2012-01-01,34 days 12:00:00,3.2910452
2012-02-04 18:00:00,2012-01-01,34 days 18:00:00,2.6678123
2012-02-05 00:00:00,2012-01-01,35 days 00:00:00,2.2609987
2012-02-05 06:00:00,2012-01-01,35 days 06:00:00,2.073502
2012-02-05 12:00:00,2012-01-01,35 days 12:00:00,3.6144276
2012-02-05 18:00:00,2012-01-01,35 days 18:00:00,2.9208403
2012-02-06 00:00:00,2012-01-01,36 days 00:00:00,2.6221933
2012-02-06 06:00:00,2012-01-01,36 days 06:00:00,2.7056594
2012-02-06 12:00:00,2012-01-01,36 days 12:00:00,3.8876958
2012-02-06 18:00:00,2012-01-01,36 days 18:00:00,2.8332717
2012-02-07 00:00:00,2012-01-01,37 days 00:00:00,2.3405569
2012-02-07 06:00:00,2012-01-01,37 days 06:00:00,2.090484
2012-02-07 12:00:00,2012-01-01,37 days 12:00:00,3.370421
2012-02-07 18:00:00,2012-01-01,37 days 18:00:00,2.5535574
2012-02-08 00:00:00,2012-01-01,38 days 00:00:00,2.098665
2012-02-08 06:00:00,2012-01-01,38 days 06:00:00,1.5489035
2012-02-08 12:00:00,2012-01-01,38 days 12:00:00,2.866756
2012-02-08 18:00:00,2012-01-01,38 days 18:00:00,1.9225175
2012-02-09 00:00:00,2012-01-01,39 days 00:00:00,1.4114256
2012-02-09 06:00:00,2012-01-01,39 days 06:00:00,1.1900398
2012-02-09 12:00:00,2012-01-01,39 days 12:00:00,2.826303
2012-02-09 18:00:00,2012-01-01,39 days 18:00:00,1.9189906
2012-02-10 00:00:00,2012-01-01,40 days 00:00:00,1.4155494
2012-02-10 06:00:00,2012-01-01,40 days 06:00:00,1.1868219
2012-02-10 12:00:00,2012-01-01,40 days 12:00:00,3.0325396
2012-02-10 18:00:00,2012-01-01,40 days 18:00:00,2.0230384
2012-02-11 00:00:00,2012-01-01,41 days 00:00:00,1.6354723
2012-02-11 06:00:00,2012-01-01,41 days 06:00:00,1.2097682
2012-02-11 12:00:00,2012-01-01,41 days 12:00:00,2.8162901
2012-02-11 18:00:00,2012-01-01,41 days 18:00:00,1.6836715
2012-02-12 00:00:00,2012-01-01,42 days 00:00:00,1.0171083
2012-02-12 06:00:00,2012-01-01,42 days 06:00:00,0.85341936
2012-02-12 12:00:00,2012-01-01,42 days 12:00:00,2.6206245
2012-02-12 18:00:00,2012-01-01,42 days 18:00:00,1.7106683
2012-02-13 00:00:00,2012-01-01,43 days 00:00:00,1.2535156
2012-02-13 06:00:00,2012-01-01,43 days 06:00:00,0.97938585
2012-02-13 12:00:00,2012-01-01,43 days 12:00:00,2.8866556
2012-02-13 18:00:00,2012-01-01,43 days 18:00:00,2.0235028
2012-02-14 00:00:00,2012-01-01,44 days 00:00:00,1.6950182
2012-02-14 06:00:00,2012-01-01,44 days 06:00:00,1.2786269
2012-02-14 12:00:00,2012-01-01,44 days 12:00:00,3.1253238
2012-02-14 18:00:00,2012-01-01,44 days 18:00:00,2.3376603
2012-02-15 00:00:00,2012-01-01,45 days 00:00:00,1.9188182
2012-02-15 06:00:00,2012-01-01,45 days 06:00:00,1.3744333
2012-02-15 12:00:00,2012-01-01,45 days 12:00:00,3.2761235
2012-02-15 18:00:00,2012-01-01,45 days 18:00:00,2.309643
2012-02-16 00:00:00,2012-01-01,46 days 00:00:00,1.7926776
2012-02-16 06:00:00,2012-01-01,46 days 06:00:00,1.532465
2012-02-16 12:00:00,2012-01-01,46 days 12:00:00,3.348365
2012-02-16 18:00:00,2012-01-01,46 days 18:00:00,2.46771
2012-02-17 00:00:00,2012-01-01,47 days 00:00:00,1.6038083
2012-02-17 06:00:00,2012-01-01,47 days 06:00:00,1.2508934
2012-02-17 12:00:00,2012-01-01,47 days 12:00:00,2.9808574
2012-02-17 18:00:00,2012-01-01,47 days 18:00:00,2.0599616
2012-02-18 00:00:00,2012-01-01,48 days 00:00:00,1.4066838
2012-02-18 06:00:00,2012-01-01,48 days 06:00:00,1.107402
2012-02-18 12:00:00,2012-01-01,48 days 12:00:00,2.9916697
2012-02-18 18:00:00,2012-01-01,48 days 18:00:00,2.0881417
2012-02-19 00:00:00,2012-01-01,49 days 00:00:00,1.379875
2012-02-19 06:00:00,2012-01-01,49 days 06:00:00,1.0001761
2012-02-19 12:00:00,2012-01-01,49 days 12:00:00,3.1225321
2012-02-19 18:00:00,2012-01-01,49 days 18:00:00,2.261364
2012-02-20 00:00:00,2012-01-01,50 days 00:00:00,1.8737236
2012-02-20 06:00:00,2012-01-01,50 days 06:00:00,1.5299432
2012-02-20 12:00:00,2012-01-01,50 days 12:00:00,3.3854542
2012-02-20 18:00:00,2012-01-01,50 days 18:00:00,2.3213634
2012-02-21 00:00:00,2012-01-01,51 days 00:00:00,1.7399191
2012-02-21 06:00:00,2012-01-01,51 days 06:00:00,1.7595062
2012-02-21 12:00:00,2012-01-01,51 days 12:00:00,3.7578535
2012-02-21 18:00:00,2012-01-01,51 days 18:00:00,2.5633702
2012-02-22 00:00:00,2012-01-01,52 days 00:00:00,1.9065524
2012-02-22 06:00:00,2012-01-01,52 days 06:00:00,1.6103845
2012-02-22 12:00:00,2012-01-01,52 days 12:00:00,3.68625
2012-02-22 18:00:00,2012-01-01,52 days 18:00:00,2.6759343
2012-02-23 00:00:00,2012-01-01,53 days 00:00:00,2.1345472
2012-02-23 06:00:00,2012-01-01,53 days 06:00:00,1.7904
2012-02-23 12:00:00,2012-01-01,53 days 12:00:00,4.0909543
2012-02-23 18:00:00,2012-01-01,53 days 18:00:00,3.0850325
2012-02-24 00:00:00,2012-01-01,54 days 00:00:00,2.42216
2012-02-24 06:00:00,2012-01-01,54 days 06:00:00,1.8900613
2012-02-24 12:00:00,2012-01-01,54 days 12:00:00,4.2883825
2012-02-24 18:00:00,2012-01-01,54 days 18:00:00,3.3662043
2012-02-25 00:00:00,2012-01-01,55 days 00:00:00,2.8167481
2012-02-25 06:00:00,2012-01-01,55 days 06:00:00,2.402889
2012-02-25 12:00:00,2012-01-01,55 days 12:00:00,4.557255
2012-02-25 18:00:00,2012-01-01,55 days 18:00:00,3.4319432
2012-02-26 00:00:00,2012-01-01,56 days 00:00:00,2.777123
2012-02-26 06:00:00,2012-01-01,56 days 06:00:00,2.4374597
2012-02-26 12:00:00,2012-01-01,56 days 12:00:00,4.5723596
2012-02-26 18:00:00,2012-01-01,56 days 18:00:00,3.6153858
2012-02-27 00:00:00,2012-01-01,57 days 00:00:00,2.69707
2012-02-27 06:00:00,2012-01-01,57 days 06:00:00,2.3197145
2012-02-27 12:00:00,2012-01-01,57 days 12:00:00,4.4700866
2012-02-27 18:00:00,2012-01-01,57 days 18:00:00,3.536674
2012-02-28 00:00:00,2012-01-01,58 days 00:00:00,2.722168
2012-02-28 06:00:00,2012-01-01,58 days 06:00:00,2.0934248
2012-02-28 12:00:00,2012-01-01,58 days 12:00:00,3.862127
2012-02-28 18:00:00,2012-01-01,58 days 18:00:00,2.7159233
2012-02-29 00:00:00,2012-01-01,59 days 00:00:00,1.9048846
2012-02-29 06:00:00,2012-01-01,59 days 06:00:00,1.5221608
2012-02-29 12:00:00,2012-01-01,59 days 12:00:00,3.7729082
2012-02-29 18:00:00,2012-01-01,59 days 18:00:00,2.6597219
2012-03-01 00:00:00,2012-01-01,60 days 00:00:00,1.7883005
2012-03-01 06:00:00,2012-01-01,60 days 06:00:00,1.4052593
2012-03-01 12:00:00,2012-01-01,60 days 12:00:00,3.649444
2012-03-01 18:00:00,2012-01-01,60 days 18:00:00,2.745722
2012-03-02 00:00:00,2012-01-01,61 days 00:00:00,1.9174598
2012-03-02 06:00:00,2012-01-01,61 days 06:00:00,1.132102
2012-03-02 12:00:00,2012-01-01,61 days 12:00:00,3.8360658
2012-03-02 18:00:00,2012-01-01,61 days 18:00:00,2.3244946
2012-03-03 00:00:00,2012-01-01,62 days 00:00:00,1.3153163
2012-03-03 06:00:00,2012-01-01,62 days 06:00:00,0.8752999
2012-03-03 12:00:00,2012-01-01,62 days 12:00:00,3.9072876
2012-03-03 18:00:00,2012-01-01,62 days 18:00:00,2.6299255
2012-03-04 00:00:00,2012-01-01,63 days 00:00:00,1.5434551
2012-03-04 06:00:00,2012-01-01,63 days 06:00:00,0.77470446
2012-03-04 12:00:00,2012-01-01,63 days 12:00:00,3.8929827
2012-03-04 18:00:00,2012-01-01,63 days 18:00:00,2.6462102
2012-03-05 00:00:00,2012-01-01,64 days 00:00:00,1.7569325
2012-03-05 06:00:00,2012-01-01,64 days 06:00:00,1.3846473
2012-03-05 12:00:00,2012-01-01,64 days 12:00:00,4.005673
2012-03-05 18:00:00,2012-01-01,64 days 18:00:00,2.8350015
2012-03-06 00:00:00,2012-01-01,65 days 00:00:00,1.9969953
2012-03-06 06:00:00,2012-01-01,65 days 06:00:00,1.4977076
2012-03-06 12:00:00,2012-01-01,65 days 12:00:00,4.325699
2012-03-06 18:00:00,2012-01-01,65 days 18:00:00,2.9440134
2012-03-07 00:00:00,2012-01-01,66 days 00:00:00,1.9037654
2012-03-07 06:00:00,2012-01-01,66 days 06:00:00,1.5311009
2012-03-07 12:00:00,2012-01-01,66 days 12:00:00,4.4199347
2012-03-07 18:00:00,2012-01-01,66 days 18:00:00,3.0630443
2012-03-08 00:00:00,2012-01-01,67 days 00:00:00,1.9814875
2012-03-08 06:00:00,2012-01-01,67 days 06:00:00,1.5980119
2012-03-08 12:00:00,2012-01-01,67 days 12:00:00,4.634204
2012-03-08 18:00:00,2012-01-01,67 days 18:00:00,3.3258603
2012-03-09 00:00:00,2012-01-01,68 days 00:00:00,2.4231439
2012-03-09 06:00:00,2012-01-01,68 days 06:00:00,1.883196
2012-03-09 12:00:00,2012-01-01,68 days 12:00:00,4.648773
2012-03-09 18:00:00,2012-01-01,68 days 18:00:00,3.5087693
2012-03-10 00:00:00,2012-01-01,69 days 00:00:00,2.516118
2012-03-10 06:00:00,2012-01-01,69 days 06:00:00,1.9831905
2012-03-10 12:00:00,2012-01-01,69 days 12:00:00,4.596012
2012-03-10 18:00:00,2012-01-01,69 days 18:00:00,3.3837452
2012-03-11 00:00:00,2012-01-01,70 days 00:00:00,2.6144643
2012-03-11 06:00:00,2012-01-01,70 days 06:00:00,2.3059778
2012-03-11 12:00:00,2012-01-01,70 days 12:00:00,4.6761365
2012-03-11 18:00:00,2012-01-01,70 days 18:00:00,3.3480747
2012-03-12 00:00:00,2012-01-01,71 days 00:00:00,2.1373394
2012-03-12 06:00:00,2012-01-01,71 days 06:00:00,1.2621939
2012-03-12 12:00:00,2012-01-01,71 days 12:00:00,4.0813804
2012-03-12 18:00:00,2012-01-01,71 days 18:00:00,2.7771313
2012-03-13 00:00:00,2012-01-01,72 days 00:00:00,1.393282
2012-03-13 06:00:00,2012-01-01,72 days 06:00:00,0.8720973
2012-03-13 12:00:00,2012-01-01,72 days 12:00:00,4.588326
2012-03-13 18:00:00,2012-01-01,72 days 18:00:00,3.2334998
2012-03-14 00:00:00,2012-01-01,73 days 00:00:00,2.1928408
2012-03-14 06:00:00,2012-01-01,73 days 06:00:00,1.7966429
2012-03-14 12:00:00,2012-01-01,73 days 12:00:00,4.933545
2012-03-14 18:00:00,2012-01-01,73 days 18:00:00,3.4597247
2012-03-15 00:00:00,2012-01-01,74 days 00:00:00,2.375067
2012-03-15 06:00:00,2012-01-01,74 days 06:00:00,2.0590284
2012-03-15 12:00:00,2012-01-01,74 days 12:00:00,4.938974
2012-03-15 18:00:00,2012-01-01,74 days 18:00:00,3.4112334
2012-03-16 00:00:00,2012-01-01,75 days 00:00:00,2.1586106
2012-03-16 06:00:00,2012-01-01,75 days 06:00:00,1.6421318
2012-03-16 12:00:00,2012-01-01,75 days 12:00:00,4.53326
2012-03-16 18:00:00,2012-01-01,75 days 18:00:00,3.2340305
2012-03-17 00:00:00,2012-01-01,76 days 00:00:00,2.0832999
2012-03-17 06:00:00,2012-01-01,76 days 06:00:00,1.7162492
2012-03-17 12:00:00,2012-01-01,76 days 12:00:00,4.7290435
2012-03-17 18:00:00,2012-01-01,76 days 18:00:00,3.4402885
2012-03-18 00:00:00,2012-01-01,77 days 00:00:00,2.2326632
2012-03-18 06:00:00,2012-01-01,77 days 06:00:00,1.816956
2012-03-18 12:00:00,2012-01-01,77 days 12:00:00,4.783973
2012-03-18 18:00:00,2012-01-01,77 days 18:00:00,3.4826682
2012-03-19 00:00:00,2012-01-01,78 days 00:00:00,2.1362813
2012-03-19 06:00:00,2012-01-01,78 days 06:00:00,1.5228002
2012-03-19 12:00:00,2012-01-01,78 days 12:00:00,4.6213536
2012-03-19 18:00:00,2012-01-01,78 days 18:00:00,3.3851287
2012-03-20 00:00:00,2012-01-01,79 days 00:00:00,2.138213
2012-03-20 06:00:00,2012-01-01,79 days 06:00:00,1.7604676
2012-03-20 12:00:00,2012-01-01,79 days 12:00:00,4.9716873
2012-03-20 18:00:00,2012-01-01,79 days 18:00:00,3.5756998
2012-03-21 00:00:00,2012-01-01,80 days 00:00:00,2.4756935
2012-03-21 06:00:00,2012-01-01,80 days 06:00:00,2.2705297
2012-03-21 12:00:00,2012-01-01,80 days 12:00:00,5.283501
2012-03-21 18:00:00,2012-01-01,80 days 18:00:00,3.9576077
2012-03-22 00:00:00,2012-01-01,81 days 00:00:00,2.6894858
2012-03-22 06:00:00,2012-01-01,81 days 06:00:00,2.11377
2012-03-22 12:00:00,2012-01-01,81 days 12:00:00,4.917615
2012-03-22 18:00:00,2012-01-01,81 days 18:00:00,3.4740312
2012-03-23 00:00:00,2012-01-01,82 days 00:00:00,2.0665603
2012-03-23 06:00:00,2012-01-01,82 days 06:00:00,1.6577027
2012-03-23 12:00:00,2012-01-01,82 days 12:00:00,4.8530736
2012-03-23 18:00:00,2012-01-01,82 days 18:00:00,3.4337583
2012-03-24 00:00:00,2012-01-01,83 days 00:00:00,1.9184598
2012-03-24 06:00:00,2012-01-01,83 days 06:00:00,1.4788446
2012-03-24 12:00:00,2012-01-01,83 days 12:00:00,5.1231933
2012-03-24 18:00:00,2012-01-01,83 days 18:00:00,3.6712072
2012-03-25 00:00:00,2012-01-01,84 days 00:00:00,2.4221075
2012-03-25 06:00:00,2012-01-01,84 days 06:00:00,2.1896062
2012-03-25 12:00:00,2012-01-01,84 days 12:00:00,5.27965
2012-03-25 18:00:00,2012-01-01,84 days 18:00:00,4.1161013
2012-03-26 00:00:00,2012-01-01,85 days 00:00:00,2.8433778
2012-03-26 06:00:00,2012-01-01,85 days 06:00:00,2.4919834
2012-03-26 12:00:00,2012-01-01,85 days 12:00:00,5.5061936
2012-03-26 18:00:00,2012-01-01,85 days 18:00:00,3.968585
2012-03-27 00:00:00,2012-01-01,86 days 00:00:00,2.5136123
2012-03-27 06:00:00,2012-01-01,86 days 06:00:00,2.1009226
2012-03-27 12:00:00,2012-01-01,86 days 12:00:00,5.5777574
2012-03-27 18:00:00,2012-01-01,86 days 18:00:00,4.152691
2012-03-28 00:00:00,2012-01-01,87 days 00:00:00,2.812584
2012-03-28 06:00:00,2012-01-01,87 days 06:00:00,2.5414596
2012-03-28 12:00:00,2012-01-01,87 days 12:00:00,5.969572
2012-03-28 18:00:00,2012-01-01,87 days 18:00:00,4.5144334
2012-03-29 00:00:00,2012-01-01,88 days 00:00:00,3.125599
2012-03-29 06:00:00,2012-01-01,88 days 06:00:00,2.931555
2012-03-29 12:00:00,2012-01-01,88 days 12:00:00,6.4085956
2012-03-29 18:00:00,2012-01-01,88 days 18:00:00,4.7744207
2012-03-30 00:00:00,2012-01-01,89 days 00:00:00,3.1655774
2012-03-30 06:00:00,2012-01-01,89 days 06:00:00,2.7751846
2012-03-30 12:00:00,2012-01-01,89 days 12:00:00,5.843113
2012-03-30 18:00:00,2012-01-01,89 days 18:00:00,4.441707
2012-03-31 00:00:00,2012-01-01,90 days 00:00:00,2.832051
2012-03-31 06:00:00,2012-01-01,90 days 06:00:00,2.5294704
2012-03-31 12:00:00,2012-01-01,90 days 12:00:00,6.0091624
2012-03-31 18:00:00,2012-01-01,90 days 18:00:00,4.6758986
2012-04-01 00:00:00,2012-01-01,91 days 00:00:00,3.0668092
2012-04-01 06:00:00,2012-01-01,91 days 06:00:00,2.6690266
2012-04-01 12:00:00,2012-01-01,91 days 12:00:00,6.0708146
2012-04-01 18:00:00,2012-01-01,91 days 18:00:00,4.695162
2012-04-02 00:00:00,2012-01-01,92 days 00:00:00,3.154746
2012-04-02 06:00:00,2012-01-01,92 days 06:00:00,2.982545
2012-04-02 12:00:00,2012-01-01,92 days 12:00:00,6.544679
2012-04-02 18:00:00,2012-01-01,92 days 18:00:00,5.2216654
2012-04-03 00:00:00,2012-01-01,93 days 00:00:00,3.5376945
2012-04-03 06:00:00,2012-01-01,93 days 06:00:00,3.3495574
2012-04-03 12:00:00,2012-01-01,93 days 12:00:00,6.9323716
2012-04-03 18:00:00,2012-01-01,93 days 18:00:00,5.564719
2012-04-04 00:00:00,2012-01-01,94 days 00:00:00,3.9049659
2012-04-04 06:00:00,2012-01-01,94 days 06:00:00,3.7555997
2012-04-04 12:00:00,2012-01-01,94 days 12:00:00,7.2109494
2012-04-04 18:00:00,2012-01-01,94 days 18:00:00,5.8762145
2012-04-05 00:00:00,2012-01-01,95 days 00:00:00,4.2247443
2012-04-05 06:00:00,2012-01-01,95 days 06:00:00,3.9207666
2012-04-05 12:00:00,2012-01-01,95 days 12:00:00,7.386191
2012-04-05 18:00:00,2012-01-01,95 days 18:00:00,5.780554
2012-04-06 00:00:00,2012-01-01,96 days 00:00:00,3.953914
2012-04-06 06:00:00,2012-01-01,96 days 06:00:00,3.874373
2012-04-06 12:00:00,2012-01-01,96 days 12:00:00,7.2637095
2012-04-06 18:00:00,2012-01-01,96 days 18:00:00,5.78353
2012-04-07 00:00:00,2012-01-01,97 days 00:00:00,4.0177407
2012-04-07 06:00:00,2012-01-01,97 days 06:00:00,3.7565565
2012-04-07 12:00:00,2012-01-01,97 days 12:00:00,7.202057
2012-04-07 18:00:00,2012-01-01,97 days 18:00:00,5.720662
2012-04-08 00:00:00,2012-01-01,98 days 00:00:00,3.9346485
2012-04-08 06:00:00,2012-01-01,98 days 06:00:00,3.7224655
2012-04-08 12:00:00,2012-01-01,98 days 12:00:00,6.9121156
2012-04-08 18:00:00,2012-01-01,98 days 18:00:00,5.5296364
2012-04-09 00:00:00,2012-01-01,99 days 00:00:00,3.678114
2012-04-09 06:00:00,2012-01-01,99 days 06:00:00,3.6723487
2012-04-09 12:00:00,2012-01-01,99 days 12:00:00,6.891209
2012-04-09 18:00:00,2012-01-01,99 days 18:00:00,5.7499485
2012-04-10 00:00:00,2012-01-01,100 days 00:00:00,4.20638
2012-04-10 06:00:00,2012-01-01,100 days 06:00:00,4.142749
2012-04-10 12:00:00,2012-01-01,100 days 12:00:00,7.3171005
2012-04-10 18:00:00,2012-01-01,100 days 18:00:00,6.1677513
2012-04-11 00:00:00,2012-01-01,101 days 00:00:00,4.491982
2012-04-11 06:00:00,2012-01-01,101 days 06:00:00,4.419216
2012-04-11 12:00:00,2012-01-01,101 days 12:00:00,7.663154
2012-04-11 18:00:00,2012-01-01,101 days 18:00:00,6.337331
2012-04-12 00:00:00,2012-01-01,102 days 00:00:00,4.320017
2012-04-12 06:00:00,2012-01-01,102 days 06:00:00,4.1086245
2012-04-12 12:00:00,2012-01-01,102 days 12:00:00,7.5916643
2012-04-12 18:00:00,2012-01-01,102 days 18:00:00,6.300852
2012-04-13 00:00:00,2012-01-01,103 days 00:00:00,4.364832
2012-04-13 06:00:00,2012-01-01,103 days 06:00:00,4.4350305
2012-04-13 12:00:00,2012-01-01,103 days 12:00:00,7.798472
2012-04-13 18:00:00,2012-01-01,103 days 18:00:00,6.691723
2012-04-14 00:00:00,2012-01-01,104 days 00:00:00,5.109982
2012-04-14 06:00:00,2012-01-01,104 days 06:00:00,5.1373763
2012-04-14 12:00:00,2012-01-01,104 days 12:00:00,8.204066
2012-04-14 18:00:00,2012-01-01,104 days 18:00:00,7.112812
2012-04-15 00:00:00,2012-01-01,105 days 00:00:00,5.293227
2012-04-15 06:00:00,2012-01-01,105 days 06:00:00,5.290366
2012-04-15 12:00:00,2012-01-01,105 days 12:00:00,8.629063
2012-04-15 18:00:00,2012-01-01,105 days 18:00:00,7.314295
2012-04-16 00:00:00,2012-01-01,106 days 00:00:00,5.2201715
2012-04-16 06:00:00,2012-01-01,106 days 06:00:00,5.372597
2012-04-16 12:00:00,2012-01-01,106 days 12:00:00,8.787131
2012-04-16 18:00:00,2012-01-01,106 days 18:00:00,7.5155115
2012-04-17 00:00:00,2012-01-01,107 days 00:00:00,5.5315714
2012-04-17 06:00:00,2012-01-01,107 days 06:00:00,5.5464525
2012-04-17 12:00:00,2012-01-01,107 days 12:00:00,8.758408
2012-04-17 18:00:00,2012-01-01,107 days 18:00:00,7.486981
2012-04-18 00:00:00,2012-01-01,108 days 00:00:00,5.402645
2012-04-18 06:00:00,2012-01-01,108 days 06:00:00,5.515039
2012-04-18 12:00:00,2012-01-01,108 days 12:00:00,8.984834
2012-04-18 18:00:00,2012-01-01,108 days 18:00:00,7.589213
2012-04-19 00:00:00,2012-01-01,109 days 00:00:00,5.4330573
2012-04-19 06:00:00,2012-01-01,109 days 06:00:00,5.433402
2012-04-19 12:00:00,2012-01-01,109 days 12:00:00,8.527988
2012-04-19 18:00:00,2012-01-01,109 days 18:00:00,7.293822
2012-04-20 00:00:00,2012-01-01,110 days 00:00:00,5.229011
2012-04-20 06:00:00,2012-01-01,110 days 06:00:00,5.3994865
2012-04-20 12:00:00,2012-01-01,110 days 12:00:00,8.62153
2012-04-20 18:00:00,2012-01-01,110 days 18:00:00,7.5154233
2012-04-21 00:00:00,2012-01-01,111 days 00:00:00,5.6869326
2012-04-21 06:00:00,2012-01-01,111 days 06:00:00,5.7860003
2012-04-21 12:00:00,2012-01-01,111 days 12:00:00,8.719609
2012-04-21 18:00:00,2012-01-01,111 days 18:00:00,7.5825195
2012-04-22 00:00:00,2012-01-01,112 days 00:00:00,5.4895997
2012-04-22 06:00:00,2012-01-01,112 days 06:00:00,5.648058
2012-04-22 12:00:00,2012-01-01,112 days 12:00:00,8.68016
2012-04-22 18:00:00,2012-01-01,112 days 18:00:00,7.5497513
2012-04-23 00:00:00,2012-01-01,113 days 00:00:00,5.597015
2012-04-23 06:00:00,2012-01-01,113 days 06:00:00,5.65886
2012-04-23 12:00:00,2012-01-01,113 days 12:00:00,8.4567175
2012-04-23 18:00:00,2012-01-01,113 days 18:00:00,7.5982857
2012-04-24 00:00:00,2012-01-01,114 days 00:00:00,5.642668
2012-04-24 06:00:00,2012-01-01,114 days 06:00:00,6.134417
2012-04-24 12:00:00,2012-01-01,114 days 12:00:00,9.220153
2012-04-24 18:00:00,2012-01-01,114 days 18:00:00,8.268078
2012-04-25 00:00:00,2012-01-01,115 days 00:00:00,6.388749
2012-04-25 06:00:00,2012-01-01,115 days 06:00:00,6.5801773
2012-04-25 12:00:00,2012-01-01,115 days 12:00:00,9.925686
2012-04-25 18:00:00,2012-01-01,115 days 18:00:00,8.692824
2012-04-26 00:00:00,2012-01-01,116 days 00:00:00,6.5061297
2012-04-26 06:00:00,2012-01-01,116 days 06:00:00,6.5743413
2012-04-26 12:00:00,2012-01-01,116 days 12:00:00,9.698659
2012-04-26 18:00:00,2012-01-01,116 days 18:00:00,8.492267
2012-04-27 00:00:00,2012-01-01,117 days 00:00:00,6.1869426
2012-04-27 06:00:00,2012-01-01,117 days 06:00:00,6.515319
2012-04-27 12:00:00,2012-01-01,117 days 12:00:00,9.996478
2012-04-27 18:00:00,2012-01-01,117 days 18:00:00,8.710763
2012-04-28 00:00:00,2012-01-01,118 days 00:00:00,6.3162384
2012-04-28 06:00:00,2012-01-01,118 days 06:00:00,6.602907
2012-04-28 12:00:00,2012-01-01,118 days 12:00:00,10.194752
2012-04-28 18:00:00,2012-01-01,118 days 18:00:00,8.981239
2012-04-29 00:00:00,2012-01-01,119 days 00:00:00,6.5653315
2012-04-29 06:00:00,2012-01-01,119 days 06:00:00,7.0230074
2012-04-29 12:00:00,2012-01-01,119 days 12:00:00,10.270067
2012-04-29 18:00:00,2012-01-01,119 days 18:00:00,8.984827
2012-04-30 00:00:00,2012-01-01,120 days 00:00:00,6.4664917
2012-04-30 06:00:00,2012-01-01,120 days 06:00:00,6.7109504
2012-04-30 12:00:00,2012-01-01,120 days 12:00:00,9.910031
2012-04-30 18:00:00,2012-01-01,120 days 18:00:00,8.673431
2012-05-01 00:00:00,2012-01-01,121 days 00:00:00,6.133477
2012-05-01 06:00:00,2012-01-01,121 days 06:00:00,6.6565247
2012-05-01 12:00:00,2012-01-01,121 days 12:00:00,9.952814
2012-05-01 18:00:00,2012-01-01,121 days 18:00:00,8.780695
2012-05-02 00:00:00,2012-01-01,122 days 00:00:00,6.3510566
2012-05-02 06:00:00,2012-01-01,122 days 06:00:00,6.848698
2012-05-02 12:00:00,2012-01-01,122 days 12:00:00,10.134886
2012-05-02 18:00:00,2012-01-01,122 days 18:00:00,9.226303
2012-05-03 00:00:00,2012-01-01,123 days 00:00:00,6.733916
2012-05-03 06:00:00,2012-01-01,123 days 06:00:00,7.144373
2012-05-03 12:00:00,2012-01-01,123 days 12:00:00,10.438902
2012-05-03 18:00:00,2012-01-01,123 days 18:00:00,9.294853
2012-05-04 00:00:00,2012-01-01,124 days 00:00:00,6.677527
2012-05-04 06:00:00,2012-01-01,124 days 06:00:00,7.246428
2012-05-04 12:00:00,2012-01-01,124 days 12:00:00,10.753022
2012-05-04 18:00:00,2012-01-01,124 days 18:00:00,9.629713
2012-05-05 00:00:00,2012-01-01,125 days 00:00:00,7.166497
2012-05-05 06:00:00,2012-01-01,125 days 06:00:00,7.7674317
2012-05-05 12:00:00,2012-01-01,125 days 12:00:00,11.0881
2012-05-05 18:00:00,2012-01-01,125 days 18:00:00,9.897267
2012-05-06 00:00:00,2012-01-01,126 days 00:00:00,7.2945023
2012-05-06 06:00:00,2012-01-01,126 days 06:00:00,7.640477
2012-05-06 12:00:00,2012-01-01,126 days 12:00:00,10.779009
2012-05-06 18:00:00,2012-01-01,126 days 18:00:00,9.663345
2012-05-07 00:00:00,2012-01-01,127 days 00:00:00,7.2801743
2012-05-07 06:00:00,2012-01-01,127 days 06:00:00,7.8358603
2012-05-07 12:00:00,2012-01-01,127 days 12:00:00,10.958995
2012-05-07 18:00:00,2012-01-01,127 days 18:00:00,9.878688
2012-05-08 00:00:00,2012-01-01,128 days 00:00:00,7.499933
2012-05-08 06:00:00,2012-01-01,128 days 06:00:00,8.113608
2012-05-08 12:00:00,2012-01-01,128 days 12:00:00,11.252392
2012-05-08 18:00:00,2012-01-01,128 days 18:00:00,10.138225
2012-05-09 00:00:00,2012-01-01,129 days 00:00:00,7.7050242
2012-05-09 06:00:00,2012-01-01,129 days 06:00:00,8.324007
2012-05-09 12:00:00,2012-01-01,129 days 12:00:00,11.366573
2012-05-09 18:00:00,2012-01-01,129 days 18:00:00,10.273958
2012-05-10 00:00:00,2012-01-01,130 days 00:00:00,7.8385444
2012-05-10 06:00:00,2012-01-01,130 days 06:00:00,8.427074
2012-05-10 12:00:00,2012-01-01,130 days 12:00:00,11.348124
2012-05-10 18:00:00,2012-01-01,130 days 18:00:00,10.2048645
2012-05-11 00:00:00,2012-01-01,131 days 00:00:00,7.807903
2012-05-11 06:00:00,2012-01-01,131 days 06:00:00,8.513416
2012-05-11 12:00:00,2012-01-01,131 days 12:00:00,11.904214
2012-05-11 18:00:00,2012-01-01,131 days 18:00:00,10.818782
2012-05-12 00:00:00,2012-01-01,132 days 00:00:00,8.057213
2012-05-12 06:00:00,2012-01-01,132 days 06:00:00,8.869631
2012-05-12 12:00:00,2012-01-01,132 days 12:00:00,12.311728
2012-05-12 18:00:00,2012-01-01,132 days 18:00:00,11.283877
2012-05-13 00:00:00,2012-01-01,133 days 00:00:00,8.769443
2012-05-13 06:00:00,2012-01-01,133 days 06:00:00,9.357691
2012-05-13 12:00:00,2012-01-01,133 days 12:00:00,12.721495
2012-05-13 18:00:00,2012-01-01,133 days 18:00:00,11.663094
2012-05-14 00:00:00,2012-01-01,134 days 00:00:00,9.040765
2012-05-14 06:00:00,2012-01-01,134 days 06:00:00,9.551554
2012-05-14 12:00:00,2012-01-01,134 days 12:00:00,12.758642
2012-05-14 18:00:00,2012-01-01,134 days 18:00:00,11.3991585
2012-05-15 00:00:00,2012-01-01,135 days 00:00:00,8.74846
2012-05-15 06:00:00,2012-01-01,135 days 06:00:00,9.40538
2012-05-15 12:00:00,2012-01-01,135 days 12:00:00,12.239275
2012-05-15 18:00:00,2012-01-01,135 days 18:00:00,11.265329
2012-05-16 00:00:00,2012-01-01,136 days 00:00:00,8.993726
2012-05-16 06:00:00,2012-01-01,136 days 06:00:00,9.817595
2012-05-16 12:00:00,2012-01-01,136 days 12:00:00,12.985463
2012-05-16 18:00:00,2012-01-01,136 days 18:00:00,12.03273
2012-05-17 00:00:00,2012-01-01,137 days 00:00:00,9.5562935
2012-05-17 06:00:00,2012-01-01,137 days 06:00:00,10.127093
2012-05-17 12:00:00,2012-01-01,137 days 12:00:00,12.813355
2012-05-17 18:00:00,2012-01-01,137 days 18:00:00,11.478383
2012-05-18 00:00:00,2012-01-01,138 days 00:00:00,8.974047
2012-05-18 06:00:00,2012-01-01,138 days 06:00:00,9.742104
2012-05-18 12:00:00,2012-01-01,138 days 12:00:00,12.899549
2012-05-18 18:00:00,2012-01-01,138 days 18:00:00,11.862486
2012-05-19 00:00:00,2012-01-01,139 days 00:00:00,9.548813
2012-05-19 06:00:00,2012-01-01,139 days 06:00:00,10.206134
2012-05-19 12:00:00,2012-01-01,139 days 12:00:00,12.937233
2012-05-19 18:00:00,2012-01-01,139 days 18:00:00,11.936443
2012-05-20 00:00:00,2012-01-01,140 days 00:00:00,9.532223
2012-05-20 06:00:00,2012-01-01,140 days 06:00:00,10.29479
2012-05-20 12:00:00,2012-01-01,140 days 12:00:00,13.253492
2012-05-20 18:00:00,2012-01-01,140 days 18:00:00,12.216741
2012-05-21 00:00:00,2012-01-01,141 days 00:00:00,9.808049
2012-05-21 06:00:00,2012-01-01,141 days 06:00:00,10.391403
2012-05-21 12:00:00,2012-01-01,141 days 12:00:00,13.285602
2012-05-21 18:00:00,2012-01-01,141 days 18:00:00,12.288492
2012-05-22 00:00:00,2012-01-01,142 days 00:00:00,9.685693
2012-05-22 06:00:00,2012-01-01,142 days 06:00:00,10.245383
2012-05-22 12:00:00,2012-01-01,142 days 12:00:00,13.106166
2012-05-22 18:00:00,2012-01-01,142 days 18:00:00,12.135686
2012-05-23 00:00:00,2012-01-01,143 days 00:00:00,9.604639
2012-05-23 06:00:00,2012-01-01,143 days 06:00:00,10.431263
2012-05-23 12:00:00,2012-01-01,143 days 12:00:00,13.278032
2012-05-23 18:00:00,2012-01-01,143 days 18:00:00,12.303293
2012-05-24 00:00:00,2012-01-01,144 days 00:00:00,9.936464
2012-05-24 06:00:00,2012-01-01,144 days 06:00:00,10.63475
2012-05-24 12:00:00,2012-01-01,144 days 12:00:00,13.506442
2012-05-24 18:00:00,2012-01-01,144 days 18:00:00,12.5100355
2012-05-25 00:00:00,2012-01-01,145 days 00:00:00,10.076361
2012-05-25 06:00:00,2012-01-01,145 days 06:00:00,10.698048
2012-05-25 12:00:00,2012-01-01,145 days 12:00:00,13.480056
2012-05-25 18:00:00,2012-01-01,145 days 18:00:00,12.395478
2012-05-26 00:00:00,2012-01-01,146 days 00:00:00,9.953516
2012-05-26 06:00:00,2012-01-01,146 days 06:00:00,10.659275
2012-05-26 12:00:00,2012-01-01,146 days 12:00:00,13.456739
2012-05-26 18:00:00,2012-01-01,146 days 18:00:00,12.370309
2012-05-27 00:00:00,2012-01-01,147 days 00:00:00,9.889536
2012-05-27 06:00:00,2012-01-01,147 days 06:00:00,10.514634
2012-05-27 12:00:00,2012-01-01,147 days 12:00:00,13.136068
2012-05-27 18:00:00,2012-01-01,147 days 18:00:00,12.243001
2012-05-28 00:00:00,2012-01-01,148 days 00:00:00,10.014701
2012-05-28 06:00:00,2012-01-01,148 days 06:00:00,10.634656
2012-05-28 12:00:00,2012-01-01,148 days 12:00:00,13.042788
2012-05-28 18:00:00,2012-01-01,148 days 18:00:00,12.122734
2012-05-29 00:00:00,2012-01-01,149 days 00:00:00,9.857833
2012-05-29 06:00:00,2012-01-01,149 days 06:00:00,10.500921
2012-05-29 12:00:00,2012-01-01,149 days 12:00:00,13.07032
2012-05-29 18:00:00,2012-01-01,149 days 18:00:00,12.157958
2012-05-30 00:00:00,2012-01-01,150 days 00:00:00,9.762225
2012-05-30 06:00:00,2012-01-01,150 days 06:00:00,10.640023
2012-05-30 12:00:00,2012-01-01,150 days 12:00:00,13.448785
2012-05-30 18:00:00,2012-01-01,150 days 18:00:00,12.616823
2012-05-31 00:00:00,2012-01-01,151 days 00:00:00,10.22898
2012-05-31 06:00:00,2012-01-01,151 days 06:00:00,11.178922
2012-05-31 12:00:00,2012-01-01,151 days 12:00:00,14.0571995
2012-05-31 18:00:00,2012-01-01,151 days 18:00:00,13.102672
2012-06-01 00:00:00,2012-01-01,152 days 00:00:00,10.700788
2012-06-01 06:00:00,2012-01-01,152 days 06:00:00,11.371539
2012-06-01 12:00:00,2012-01-01,152 days 12:00:00,14.315115
2012-06-01 18:00:00,2012-01-01,152 days 18:00:00,13.430288
2012-06-02 00:00:00,2012-01-01,153 days 00:00:00,10.871211
2012-06-02 06:00:00,2012-01-01,153 days 06:00:00,11.688485
2012-06-02 12:00:00,2012-01-01,153 days 12:00:00,14.577679
2012-06-02 18:00:00,2012-01-01,153 days 18:00:00,13.429417
2012-06-03 00:00:00,2012-01-01,154 days 00:00:00,10.740959
2012-06-03 06:00:00,2012-01-01,154 days 06:00:00,11.468683
2012-06-03 12:00:00,2012-01-01,154 days 12:00:00,14.273456
2012-06-03 18:00:00,2012-01-01,154 days 18:00:00,13.294377
2012-06-04 00:00:00,2012-01-01,155 days 00:00:00,10.668061
2012-06-04 06:00:00,2012-01-01,155 days 06:00:00,11.595271
2012-06-04 12:00:00,2012-01-01,155 days 12:00:00,14.169398
2012-06-04 18:00:00,2012-01-01,155 days 18:00:00,13.214941
2012-06-05 00:00:00,2012-01-01,156 days 00:00:00,10.721334
2012-06-05 06:00:00,2012-01-01,156 days 06:00:00,11.484138
2012-06-05 12:00:00,2012-01-01,156 days 12:00:00,14.288084
2012-06-05 18:00:00,2012-01-01,156 days 18:00:00,13.361291
2012-06-06 00:00:00,2012-01-01,157 days 00:00:00,10.73264
2012-06-06 06:00:00,2012-01-01,157 days 06:00:00,11.568004
2012-06-06 12:00:00,2012-01-01,157 days 12:00:00,14.545276
2012-06-06 18:00:00,2012-01-01,157 days 18:00:00,13.538454
2012-06-07 00:00:00,2012-01-01,158 days 00:00:00,11.042305
2012-06-07 06:00:00,2012-01-01,158 days 06:00:00,11.832843
2012-06-07 12:00:00,2012-01-01,158 days 12:00:00,14.547397
2012-06-07 18:00:00,2012-01-01,158 days 18:00:00,13.60312
2012-06-08 00:00:00,2012-01-01,159 days 00:00:00,11.023433
2012-06-08 06:00:00,2012-01-01,159 days 06:00:00,11.969141
2012-06-08 12:00:00,2012-01-01,159 days 12:00:00,15.005433
2012-06-08 18:00:00,2012-01-01,159 days 18:00:00,14.032391
2012-06-09 00:00:00,2012-01-01,160 days 00:00:00,11.377229
2012-06-09 06:00:00,2012-01-01,160 days 06:00:00,12.311681
2012-06-09 12:00:00,2012-01-01,160 days 12:00:00,15.197528
2012-06-09 18:00:00,2012-01-01,160 days 18:00:00,14.09485
2012-06-10 00:00:00,2012-01-01,161 days 00:00:00,11.712262
2012-06-10 06:00:00,2012-01-01,161 days 06:00:00,12.267616
2012-06-10 12:00:00,2012-01-01,161 days 12:00:00,14.754133
2012-06-10 18:00:00,2012-01-01,161 days 18:00:00,13.841283
2012-06-11 00:00:00,2012-01-01,162 days 00:00:00,11.5113735
2012-06-11 06:00:00,2012-01-01,162 days 06:00:00,12.488117
2012-06-11 12:00:00,2012-01-01,162 days 12:00:00,15.238123
2012-06-11 18:00:00,2012-01-01,162 days 18:00:00,14.559121
2012-06-12 00:00:00,2012-01-01,163 days 00:00:00,12.264758
2012-06-12 06:00:00,2012-01-01,163 days 06:00:00,13.079964
2012-06-12 12:00:00,2012-01-01,163 days 12:00:00,15.974511
2012-06-12 18:00:00,2012-01-01,163 days 18:00:00,14.986354
2012-06-13 00:00:00,2012-01-01,164 days 00:00:00,12.056434
2012-06-13 06:00:00,2012-01-01,164 days 06:00:00,12.790843
2012-06-13 12:00:00,2012-01-01,164 days 12:00:00,15.722029
2012-06-13 18:00:00,2012-01-01,164 days 18:00:00,14.780762
2012-06-14 00:00:00,2012-01-01,165 days 00:00:00,12.159485
2012-06-14 06:00:00,2012-01-01,165 days 06:00:00,13.002347
2012-06-14 12:00:00,2012-01-01,165 days 12:00:00,15.762691
2012-06-14 18:00:00,2012-01-01,165 days 18:00:00,14.680048
2012-06-15 00:00:00,2012-01-01,166 days 00:00:00,12.231675
2012-06-15 06:00:00,2012-01-01,166 days 06:00:00,12.955959
2012-06-15 12:00:00,2012-01-01,166 days 12:00:00,15.742693
2012-06-15 18:00:00,2012-01-01,166 days 18:00:00,14.792759
2012-06-16 00:00:00,2012-01-01,167 days 00:00:00,12.185246
2012-06-16 06:00:00,2012-01-01,167 days 06:00:00,12.880225
2012-06-16 12:00:00,2012-01-01,167 days 12:00:00,15.492776
2012-06-16 18:00:00,2012-01-01,167 days 18:00:00,14.730367
2012-06-17 00:00:00,2012-01-01,168 days 00:00:00,12.384582
2012-06-17 06:00:00,2012-01-01,168 days 06:00:00,13.320138
2012-06-17 12:00:00,2012-01-01,168 days 12:00:00,16.280638
2012-06-17 18:00:00,2012-01-01,168 days 18:00:00,15.130165
2012-06-18 00:00:00,2012-01-01,169 days 00:00:00,12.602441
2012-06-18 06:00:00,2012-01-01,169 days 06:00:00,13.24285
2012-06-18 12:00:00,2012-01-01,169 days 12:00:00,15.76285
2012-06-18 18:00:00,2012-01-01,169 days 18:00:00,14.579161
2012-06-19 00:00:00,2012-01-01,170 days 00:00:00,12.106377
2012-06-19 06:00:00,2012-01-01,170 days 06:00:00,12.852716
2012-06-19 12:00:00,2012-01-01,170 days 12:00:00,15.572678
2012-06-19 18:00:00,2012-01-01,170 days 18:00:00,14.654562
2012-06-20 00:00:00,2012-01-01,171 days 00:00:00,12.135601
2012-06-20 06:00:00,2012-01-01,171 days 06:00:00,12.780197
2012-06-20 12:00:00,2012-01-01,171 days 12:00:00,15.484214
2012-06-20 18:00:00,2012-01-01,171 days 18:00:00,14.593311
2012-06-21 00:00:00,2012-01-01,172 days 00:00:00,12.157837
2012-06-21 06:00:00,2012-01-01,172 days 06:00:00,12.865384
2012-06-21 12:00:00,2012-01-01,172 days 12:00:00,15.476012
2012-06-21 18:00:00,2012-01-01,172 days 18:00:00,14.7784195
2012-06-22 00:00:00,2012-01-01,173 days 00:00:00,12.460248
2012-06-22 06:00:00,2012-01-01,173 days 06:00:00,13.372535
2012-06-22 12:00:00,2012-01-01,173 days 12:00:00,16.20306
2012-06-22 18:00:00,2012-01-01,173 days 18:00:00,15.250179
2012-06-23 00:00:00,2012-01-01,174 days 00:00:00,12.869401
2012-06-23 06:00:00,2012-01-01,174 days 06:00:00,13.552148
2012-06-23 12:00:00,2012-01-01,174 days 12:00:00,16.12065
2012-06-23 18:00:00,2012-01-01,174 days 18:00:00,15.274917
2012-06-24 00:00:00,2012-01-01,175 days 00:00:00,12.767926
2012-06-24 06:00:00,2012-01-01,175 days 06:00:00,13.703843
2012-06-24 12:00:00,2012-01-01,175 days 12:00:00,16.46056
2012-06-24 18:00:00,2012-01-01,175 days 18:00:00,15.513842
2012-06-25 00:00:00,2012-01-01,176 days 00:00:00,12.798567
2012-06-25 06:00:00,2012-01-01,176 days 06:00:00,13.540214
2012-06-25 12:00:00,2012-01-01,176 days 12:00:00,16.095243
2012-06-25 18:00:00,2012-01-01,176 days 18:00:00,14.989356
2012-06-26 00:00:00,2012-01-01,177 days 00:00:00,12.559607
2012-06-26 06:00:00,2012-01-01,177 days 06:00:00,12.934147
2012-06-26 12:00:00,2012-01-01,177 days 12:00:00,15.230509
2012-06-26 18:00:00,2012-01-01,177 days 18:00:00,14.425659
2012-06-27 00:00:00,2012-01-01,178 days 00:00:00,12.084422
2012-06-27 06:00:00,2012-01-01,178 days 06:00:00,12.801432
2012-06-27 12:00:00,2012-01-01,178 days 12:00:00,15.5316725
2012-06-27 18:00:00,2012-01-01,178 days 18:00:00,14.852259
2012-06-28 00:00:00,2012-01-01,179 days 00:00:00,12.534192
2012-06-28 06:00:00,2012-01-01,179 days 06:00:00,13.39654
2012-06-28 12:00:00,2012-01-01,179 days 12:00:00,16.248571
2012-06-28 18:00:00,2012-01-01,179 days 18:00:00,15.343943
2012-06-29 00:00:00,2012-01-01,180 days 00:00:00,13.028256
2012-06-29 06:00:00,2012-01-01,180 days 06:00:00,13.748669
2012-06-29 12:00:00,2012-01-01,180 days 12:00:00,16.221788
2012-06-29 18:00:00,2012-01-01,180 days 18:00:00,15.450213
2012-06-30 00:00:00,2012-01-01,181 days 00:00:00,12.993548
2012-06-30 06:00:00,2012-01-01,181 days 06:00:00,13.775829
2012-06-30 12:00:00,2012-01-01,181 days 12:00:00,16.647598
2012-06-30 18:00:00,2012-01-01,181 days 18:00:00,15.825581
2012-07-01 00:00:00,2012-01-01,182 days 00:00:00,13.420211
2012-07-01 06:00:00,2012-01-01,182 days 06:00:00,15.152727
2012-07-01 12:00:00,2012-01-01,182 days 12:00:00,17.03459
2012-07-01 18:00:00,2012-01-01,182 days 18:00:00,15.726936
2012-07-02 00:00:00,2012-01-01,183 days 00:00:00,13.375599
2012-07-02 06:00:00,2012-01-01,183 days 06:00:00,14.067694
2012-07-02 12:00:00,2012-01-01,183 days 12:00:00,16.730106
2012-07-02 18:00:00,2012-01-01,183 days 18:00:00,16.002419
2012-07-03 00:00:00,2012-07-01,2 days 00:00:00,14.23393
2012-07-03 06:00:00,2012-07-01,2 days 06:00:00,15.228567
2012-07-03 12:00:00,2012-07-01,2 days 12:00:00,17.75077
2012-07-03 18:00:00,2012-07-01,2 days 18:00:00,17.24391
2012-07-04 00:00:00,2012-07-01,3 days 00:00:00,14.951125
2012-07-04 06:00:00,2012-07-01,3 days 06:00:00,15.976316
2012-07-04 12:00:00,2012-07-01,3 days 12:00:00,19.277048
2012-07-04 18:00:00,2012-07-01,3 days 18:00:00,18.481773
2012-07-05 00:00:00,2012-07-01,4 days 00:00:00,16.114021
2012-07-05 06:00:00,2012-07-01,4 days 06:00:00,16.595327
2012-07-05 12:00:00,2012-07-01,4 days 12:00:00,19.841793
2012-07-05 18:00:00,2012-07-01,4 days 18:00:00,18.870466
2012-07-06 00:00:00,2012-07-01,5 days 00:00:00,16.425959
2012-07-06 06:00:00,2012-07-01,5 days 06:00:00,16.87469
2012-07-06 12:00:00,2012-07-01,5 days 12:00:00,19.685328
2012-07-06 18:00:00,2012-07-01,5 days 18:00:00,18.712076
2012-07-07 00:00:00,2012-07-01,6 days 00:00:00,16.495134
2012-07-07 06:00:00,2012-07-01,6 days 06:00:00,16.5992
2012-07-07 12:00:00,2012-07-01,6 days 12:00:00,18.96654
2012-07-07 18:00:00,2012-07-01,6 days 18:00:00,18.073925
2012-07-08 00:00:00,2012-07-01,7 days 00:00:00,15.879426
2012-07-08 06:00:00,2012-07-01,7 days 06:00:00,16.16804
2012-07-08 12:00:00,2012-07-01,7 days 12:00:00,18.513199
2012-07-08 18:00:00,2012-07-01,7 days 18:00:00,17.625772
2012-07-09 00:00:00,2012-07-01,8 days 00:00:00,15.452213
2012-07-09 06:00:00,2012-07-01,8 days 06:00:00,15.91164
2012-07-09 12:00:00,2012-07-01,8 days 12:00:00,18.329935
2012-07-09 18:00:00,2012-07-01,8 days 18:00:00,17.460524
2012-07-10 00:00:00,2012-07-01,9 days 00:00:00,15.221107
2012-07-10 06:00:00,2012-07-01,9 days 06:00:00,15.704392
2012-07-10 12:00:00,2012-07-01,9 days 12:00:00,18.030674
2012-07-10 18:00:00,2012-07-01,9 days 18:00:00,17.216417
2012-07-11 00:00:00,2012-07-01,10 days 00:00:00,15.197366
2012-07-11 06:00:00,2012-07-01,10 days 06:00:00,15.624866
2012-07-11 12:00:00,2012-07-01,10 days 12:00:00,17.860596
2012-07-11 18:00:00,2012-07-01,10 days 18:00:00,17.053059
2012-07-12 00:00:00,2012-07-01,11 days 00:00:00,14.997222
2012-07-12 06:00:00,2012-07-01,11 days 06:00:00,15.338331
2012-07-12 12:00:00,2012-07-01,11 days 12:00:00,17.524506
2012-07-12 18:00:00,2012-07-01,11 days 18:00:00,16.860296
2012-07-13 00:00:00,2012-07-01,12 days 00:00:00,14.874362
2012-07-13 06:00:00,2012-07-01,12 days 06:00:00,15.204573
2012-07-13 12:00:00,2012-07-01,12 days 12:00:00,17.217707
2012-07-13 18:00:00,2012-07-01,12 days 18:00:00,16.36526
2012-07-14 00:00:00,2012-07-01,13 days 00:00:00,14.365767
2012-07-14 06:00:00,2012-07-01,13 days 06:00:00,14.792642
2012-07-14 12:00:00,2012-07-01,13 days 12:00:00,17.120665
2012-07-14 18:00:00,2012-07-01,13 days 18:00:00,16.230396
2012-07-15 00:00:00,2012-07-01,14 days 00:00:00,14.370119
2012-07-15 06:00:00,2012-07-01,14 days 06:00:00,14.799783
2012-07-15 12:00:00,2012-07-01,14 days 12:00:00,16.939316
2012-07-15 18:00:00,2012-07-01,14 days 18:00:00,16.16499
2012-07-16 00:00:00,2012-07-01,15 days 00:00:00,14.439152
2012-07-16 06:00:00,2012-07-01,15 days 06:00:00,15.016579
2012-07-16 12:00:00,2012-07-01,15 days 12:00:00,17.090347
2012-07-16 18:00:00,2012-07-01,15 days 18:00:00,16.125593
2012-07-17 00:00:00,2012-07-01,16 days 00:00:00,14.297148
2012-07-17 06:00:00,2012-07-01,16 days 06:00:00,14.961412
2012-07-17 12:00:00,2012-07-01,16 days 12:00:00,17.241459
2012-07-17 18:00:00,2012-07-01,16 days 18:00:00,16.358576
2012-07-18 00:00:00,2012-07-01,17 days 00:00:00,14.2183
2012-07-18 06:00:00,2012-07-01,17 days 06:00:00,14.799272
2012-07-18 12:00:00,2012-07-01,17 days 12:00:00,17.328032
2012-07-18 18:00:00,2012-07-01,17 days 18:00:00,16.430395
2012-07-19 00:00:00,2012-07-01,18 days 00:00:00,14.232555
2012-07-19 06:00:00,2012-07-01,18 days 06:00:00,14.796519
2012-07-19 12:00:00,2012-07-01,18 days 12:00:00,17.222982
2012-07-19 18:00:00,2012-07-01,18 days 18:00:00,16.413424
2012-07-20 00:00:00,2012-07-01,19 days 00:00:00,14.657094
2012-07-20 06:00:00,2012-07-01,19 days 06:00:00,15.204668
2012-07-20 12:00:00,2012-07-01,19 days 12:00:00,17.676973
2012-07-20 18:00:00,2012-07-01,19 days 18:00:00,16.860723
2012-07-21 00:00:00,2012-07-01,20 days 00:00:00,14.881029
2012-07-21 06:00:00,2012-07-01,20 days 06:00:00,15.429345
2012-07-21 12:00:00,2012-07-01,20 days 12:00:00,18.099684
2012-07-21 18:00:00,2012-07-01,20 days 18:00:00,17.163933
2012-07-22 00:00:00,2012-07-01,21 days 00:00:00,14.907089
2012-07-22 06:00:00,2012-07-01,21 days 06:00:00,15.289318
2012-07-22 12:00:00,2012-07-01,21 days 12:00:00,17.791294
2012-07-22 18:00:00,2012-07-01,21 days 18:00:00,16.870996
2012-07-23 00:00:00,2012-07-01,22 days 00:00:00,14.820628
2012-07-23 06:00:00,2012-07-01,22 days 06:00:00,15.382557
2012-07-23 12:00:00,2012-07-01,22 days 12:00:00,17.780413
2012-07-23 18:00:00,2012-07-01,22 days 18:00:00,16.828371
2012-07-24 00:00:00,2012-07-01,23 days 00:00:00,14.776162
2012-07-24 06:00:00,2012-07-01,23 days 06:00:00,15.28239
2012-07-24 12:00:00,2012-07-01,23 days 12:00:00,17.557953
2012-07-24 18:00:00,2012-07-01,23 days 18:00:00,16.661255
2012-07-25 00:00:00,2012-07-01,24 days 00:00:00,14.598796
2012-07-25 06:00:00,2012-07-01,24 days 06:00:00,15.184245
2012-07-25 12:00:00,2012-07-01,24 days 12:00:00,17.779354
2012-07-25 18:00:00,2012-07-01,24 days 18:00:00,16.993513
2012-07-26 00:00:00,2012-07-01,25 days 00:00:00,14.883856
2012-07-26 06:00:00,2012-07-01,25 days 06:00:00,15.443554
2012-07-26 12:00:00,2012-07-01,25 days 12:00:00,18.28021
2012-07-26 18:00:00,2012-07-01,25 days 18:00:00,17.446957
2012-07-27 00:00:00,2012-07-01,26 days 00:00:00,15.301566
2012-07-27 06:00:00,2012-07-01,26 days 06:00:00,15.908378
2012-07-27 12:00:00,2012-07-01,26 days 12:00:00,18.510324
2012-07-27 18:00:00,2012-07-01,26 days 18:00:00,17.5164
2012-07-28 00:00:00,2012-07-01,27 days 00:00:00,15.422415
2012-07-28 06:00:00,2012-07-01,27 days 06:00:00,15.841612
2012-07-28 12:00:00,2012-07-01,27 days 12:00:00,18.623055
2012-07-28 18:00:00,2012-07-01,27 days 18:00:00,17.603714
2012-07-29 00:00:00,2012-07-01,28 days 00:00:00,15.400759
2012-07-29 06:00:00,2012-07-01,28 days 06:00:00,15.728112
2012-07-29 12:00:00,2012-07-01,28 days 12:00:00,18.28878
2012-07-29 18:00:00,2012-07-01,28 days 18:00:00,17.283731
2012-07-30 00:00:00,2012-07-01,29 days 00:00:00,15.116629
2012-07-30 06:00:00,2012-07-01,29 days 06:00:00,15.503001
2012-07-30 12:00:00,2012-07-01,29 days 12:00:00,18.055933
2012-07-30 18:00:00,2012-07-01,29 days 18:00:00,17.126673
2012-07-31 00:00:00,2012-07-01,30 days 00:00:00,15.188144
2012-07-31 06:00:00,2012-07-01,30 days 06:00:00,15.565645
2012-07-31 12:00:00,2012-07-01,30 days 12:00:00,18.073008
2012-07-31 18:00:00,2012-07-01,30 days 18:00:00,17.29275
2012-08-01 00:00:00,2012-07-01,31 days 00:00:00,15.287183
2012-08-01 06:00:00,2012-07-01,31 days 06:00:00,15.725519
2012-08-01 12:00:00,2012-07-01,31 days 12:00:00,18.322582
2012-08-01 18:00:00,2012-07-01,31 days 18:00:00,17.455938
2012-08-02 00:00:00,2012-07-01,32 days 00:00:00,15.46216
2012-08-02 06:00:00,2012-07-01,32 days 06:00:00,15.972947
2012-08-02 12:00:00,2012-07-01,32 days 12:00:00,18.816317
2012-08-02 18:00:00,2012-07-01,32 days 18:00:00,17.731407
2012-08-03 00:00:00,2012-07-01,33 days 00:00:00,15.572535
2012-08-03 06:00:00,2012-07-01,33 days 06:00:00,15.841418
2012-08-03 12:00:00,2012-07-01,33 days 12:00:00,18.39786
2012-08-03 18:00:00,2012-07-01,33 days 18:00:00,17.342552
2012-08-04 00:00:00,2012-07-01,34 days 00:00:00,15.396022
2012-08-04 06:00:00,2012-07-01,34 days 06:00:00,15.720925
2012-08-04 12:00:00,2012-07-01,34 days 12:00:00,18.321293
2012-08-04 18:00:00,2012-07-01,34 days 18:00:00,17.249418
2012-08-05 00:00:00,2012-07-01,35 days 00:00:00,15.072115
2012-08-05 06:00:00,2012-07-01,35 days 06:00:00,15.540793
2012-08-05 12:00:00,2012-07-01,35 days 12:00:00,18.330698
2012-08-05 18:00:00,2012-07-01,35 days 18:00:00,17.24831
2012-08-06 00:00:00,2012-07-01,36 days 00:00:00,15.219117
2012-08-06 06:00:00,2012-07-01,36 days 06:00:00,15.567343
2012-08-06 12:00:00,2012-07-01,36 days 12:00:00,18.285482
2012-08-06 18:00:00,2012-07-01,36 days 18:00:00,17.289742
2012-08-07 00:00:00,2012-07-01,37 days 00:00:00,15.272628
2012-08-07 06:00:00,2012-07-01,37 days 06:00:00,15.576776
2012-08-07 12:00:00,2012-07-01,37 days 12:00:00,18.302109
2012-08-07 18:00:00,2012-07-01,37 days 18:00:00,17.380867
2012-08-08 00:00:00,2012-07-01,38 days 00:00:00,15.215091
2012-08-08 06:00:00,2012-07-01,38 days 06:00:00,15.478707
2012-08-08 12:00:00,2012-07-01,38 days 12:00:00,18.329754
2012-08-08 18:00:00,2012-07-01,38 days 18:00:00,17.3673
2012-08-09 00:00:00,2012-07-01,39 days 00:00:00,15.281984
2012-08-09 06:00:00,2012-07-01,39 days 06:00:00,15.646865
2012-08-09 12:00:00,2012-07-01,39 days 12:00:00,18.646471
2012-08-09 18:00:00,2012-07-01,39 days 18:00:00,17.72159
2012-08-10 00:00:00,2012-07-01,40 days 00:00:00,15.587206
2012-08-10 06:00:00,2012-07-01,40 days 06:00:00,16.024706
2012-08-10 12:00:00,2012-07-01,40 days 12:00:00,18.81672
2012-08-10 18:00:00,2012-07-01,40 days 18:00:00,17.75244
2012-08-11 00:00:00,2012-07-01,41 days 00:00:00,15.515079
2012-08-11 06:00:00,2012-07-01,41 days 06:00:00,15.721315
2012-08-11 12:00:00,2012-07-01,41 days 12:00:00,18.442154
2012-08-11 18:00:00,2012-07-01,41 days 18:00:00,17.423443
2012-08-12 00:00:00,2012-07-01,42 days 00:00:00,15.484176
2012-08-12 06:00:00,2012-07-01,42 days 06:00:00,15.751889
2012-08-12 12:00:00,2012-07-01,42 days 12:00:00,18.47702
2012-08-12 18:00:00,2012-07-01,42 days 18:00:00,17.521315
2012-08-13 00:00:00,2012-07-01,43 days 00:00:00,15.315413
2012-08-13 06:00:00,2012-07-01,43 days 06:00:00,15.526524
2012-08-13 12:00:00,2012-07-01,43 days 12:00:00,18.322502
2012-08-13 18:00:00,2012-07-01,43 days 18:00:00,17.224485
2012-08-14 00:00:00,2012-07-01,44 days 00:00:00,15.157473
2012-08-14 06:00:00,2012-07-01,44 days 06:00:00,15.398296
2012-08-14 12:00:00,2012-07-01,44 days 12:00:00,18.22863
2012-08-14 18:00:00,2012-07-01,44 days 18:00:00,17.256006
2012-08-15 00:00:00,2012-07-01,45 days 00:00:00,15.245454
2012-08-15 06:00:00,2012-07-01,45 days 06:00:00,15.3051405
2012-08-15 12:00:00,2012-07-01,45 days 12:00:00,18.007393
2012-08-15 18:00:00,2012-07-01,45 days 18:00:00,16.985922
2012-08-16 00:00:00,2012-07-01,46 days 00:00:00,15.117707
2012-08-16 06:00:00,2012-07-01,46 days 06:00:00,15.157935
2012-08-16 12:00:00,2012-07-01,46 days 12:00:00,17.75319
2012-08-16 18:00:00,2012-07-01,46 days 18:00:00,16.759771
2012-08-17 00:00:00,2012-07-01,47 days 00:00:00,14.913365
2012-08-17 06:00:00,2012-07-01,47 days 06:00:00,15.029762
2012-08-17 12:00:00,2012-07-01,47 days 12:00:00,17.662613
2012-08-17 18:00:00,2012-07-01,47 days 18:00:00,16.694107
2012-08-18 00:00:00,2012-07-01,48 days 00:00:00,15.128791
2012-08-18 06:00:00,2012-07-01,48 days 06:00:00,15.384071
2012-08-18 12:00:00,2012-07-01,48 days 12:00:00,17.923956
2012-08-18 18:00:00,2012-07-01,48 days 18:00:00,16.992495
2012-08-19 00:00:00,2012-07-01,49 days 00:00:00,15.224678
2012-08-19 06:00:00,2012-07-01,49 days 06:00:00,15.3352375
2012-08-19 12:00:00,2012-07-01,49 days 12:00:00,17.722462
2012-08-19 18:00:00,2012-07-01,49 days 18:00:00,16.72142
2012-08-20 00:00:00,2012-07-01,50 days 00:00:00,14.923903
2012-08-20 06:00:00,2012-07-01,50 days 06:00:00,15.045503
2012-08-20 12:00:00,2012-07-01,50 days 12:00:00,17.598318
2012-08-20 18:00:00,2012-07-01,50 days 18:00:00,16.462215
2012-08-21 00:00:00,2012-07-01,51 days 00:00:00,14.594533
2012-08-21 06:00:00,2012-07-01,51 days 06:00:00,14.77458
2012-08-21 12:00:00,2012-07-01,51 days 12:00:00,17.635813
2012-08-21 18:00:00,2012-07-01,51 days 18:00:00,16.505762
2012-08-22 00:00:00,2012-07-01,52 days 00:00:00,14.627192
2012-08-22 06:00:00,2012-07-01,52 days 06:00:00,14.658031
2012-08-22 12:00:00,2012-07-01,52 days 12:00:00,17.438007
2012-08-22 18:00:00,2012-07-01,52 days 18:00:00,16.210419
2012-08-23 00:00:00,2012-07-01,53 days 00:00:00,14.399957
2012-08-23 06:00:00,2012-07-01,53 days 06:00:00,14.591922
2012-08-23 12:00:00,2012-07-01,53 days 12:00:00,17.201328
2012-08-23 18:00:00,2012-07-01,53 days 18:00:00,16.229671
2012-08-24 00:00:00,2012-07-01,54 days 00:00:00,14.749411
2012-08-24 06:00:00,2012-07-01,54 days 06:00:00,14.958891
2012-08-24 12:00:00,2012-07-01,54 days 12:00:00,17.533792
2012-08-24 18:00:00,2012-07-01,54 days 18:00:00,16.266088
2012-08-25 00:00:00,2012-07-01,55 days 00:00:00,14.26573
2012-08-25 06:00:00,2012-07-01,55 days 06:00:00,14.239663
2012-08-25 12:00:00,2012-07-01,55 days 12:00:00,17.177155
2012-08-25 18:00:00,2012-07-01,55 days 18:00:00,15.963058
2012-08-26 00:00:00,2012-07-01,56 days 00:00:00,14.139418
2012-08-26 06:00:00,2012-07-01,56 days 06:00:00,14.3035145
2012-08-26 12:00:00,2012-07-01,56 days 12:00:00,17.369913
2012-08-26 18:00:00,2012-07-01,56 days 18:00:00,16.05323
2012-08-27 00:00:00,2012-07-01,57 days 00:00:00,14.113621
2012-08-27 06:00:00,2012-07-01,57 days 06:00:00,14.257455
2012-08-27 12:00:00,2012-07-01,57 days 12:00:00,17.459972
2012-08-27 18:00:00,2012-07-01,57 days 18:00:00,16.285418
2012-08-28 00:00:00,2012-07-01,58 days 00:00:00,14.338815
2012-08-28 06:00:00,2012-07-01,58 days 06:00:00,14.261223
2012-08-28 12:00:00,2012-07-01,58 days 12:00:00,17.331
2012-08-28 18:00:00,2012-07-01,58 days 18:00:00,16.199852
2012-08-29 00:00:00,2012-07-01,59 days 00:00:00,14.42986
2012-08-29 06:00:00,2012-07-01,59 days 06:00:00,14.362193
2012-08-29 12:00:00,2012-07-01,59 days 12:00:00,17.297222
2012-08-29 18:00:00,2012-07-01,59 days 18:00:00,15.872056
2012-08-30 00:00:00,2012-07-01,60 days 00:00:00,14.0711355
2012-08-30 06:00:00,2012-07-01,60 days 06:00:00,14.10281
2012-08-30 12:00:00,2012-07-01,60 days 12:00:00,17.182858
2012-08-30 18:00:00,2012-07-01,60 days 18:00:00,16.159512
2012-08-31 00:00:00,2012-07-01,61 days 00:00:00,14.713736
2012-08-31 06:00:00,2012-07-01,61 days 06:00:00,14.674715
2012-08-31 12:00:00,2012-07-01,61 days 12:00:00,17.122265
2012-08-31 18:00:00,2012-07-01,61 days 18:00:00,15.778201
2012-09-01 00:00:00,2012-07-01,62 days 00:00:00,14.179232
2012-09-01 06:00:00,2012-07-01,62 days 06:00:00,14.11409
2012-09-01 12:00:00,2012-07-01,62 days 12:00:00,17.030094
2012-09-01 18:00:00,2012-07-01,62 days 18:00:00,15.559798
2012-09-02 00:00:00,2012-07-01,63 days 00:00:00,13.874782
2012-09-02 06:00:00,2012-07-01,63 days 06:00:00,13.8246565
2012-09-02 12:00:00,2012-07-01,63 days 12:00:00,16.849861
2012-09-02 18:00:00,2012-07-01,63 days 18:00:00,15.689344
2012-09-03 00:00:00,2012-07-01,64 days 00:00:00,14.217907
2012-09-03 06:00:00,2012-07-01,64 days 06:00:00,14.282364
2012-09-03 12:00:00,2012-07-01,64 days 12:00:00,17.360918
2012-09-03 18:00:00,2012-07-01,64 days 18:00:00,15.936869
2012-09-04 00:00:00,2012-07-01,65 days 00:00:00,14.330315
2012-09-04 06:00:00,2012-07-01,65 days 06:00:00,14.31625
2012-09-04 12:00:00,2012-07-01,65 days 12:00:00,16.997625
2012-09-04 18:00:00,2012-07-01,65 days 18:00:00,15.669856
2012-09-05 00:00:00,2012-07-01,66 days 00:00:00,14.336338
2012-09-05 06:00:00,2012-07-01,66 days 06:00:00,14.355547
2012-09-05 12:00:00,2012-07-01,66 days 12:00:00,17.10035
2012-09-05 18:00:00,2012-07-01,66 days 18:00:00,15.703344
2012-09-06 00:00:00,2012-07-01,67 days 00:00:00,14.064404
2012-09-06 06:00:00,2012-07-01,67 days 06:00:00,13.903669
2012-09-06 12:00:00,2012-07-01,67 days 12:00:00,16.73654
2012-09-06 18:00:00,2012-07-01,67 days 18:00:00,15.416508
2012-09-07 00:00:00,2012-07-01,68 days 00:00:00,14.038776
2012-09-07 06:00:00,2012-07-01,68 days 06:00:00,13.826352
2012-09-07 12:00:00,2012-07-01,68 days 12:00:00,16.651237
2012-09-07 18:00:00,2012-07-01,68 days 18:00:00,15.256233
2012-09-08 00:00:00,2012-07-01,69 days 00:00:00,13.852162
2012-09-08 06:00:00,2012-07-01,69 days 06:00:00,13.674351
2012-09-08 12:00:00,2012-07-01,69 days 12:00:00,16.487082
2012-09-08 18:00:00,2012-07-01,69 days 18:00:00,15.129093
2012-09-09 00:00:00,2012-07-01,70 days 00:00:00,13.819032
2012-09-09 06:00:00,2012-07-01,70 days 06:00:00,13.71899
2012-09-09 12:00:00,2012-07-01,70 days 12:00:00,16.326122
2012-09-09 18:00:00,2012-07-01,70 days 18:00:00,15.011974
2012-09-10 00:00:00,2012-07-01,71 days 00:00:00,13.619291
2012-09-10 06:00:00,2012-07-01,71 days 06:00:00,13.463899
2012-09-10 12:00:00,2012-07-01,71 days 12:00:00,16.245275
2012-09-10 18:00:00,2012-07-01,71 days 18:00:00,14.768361
2012-09-11 00:00:00,2012-07-01,72 days 00:00:00,13.505881
2012-09-11 06:00:00,2012-07-01,72 days 06:00:00,13.404917
2012-09-11 12:00:00,2012-07-01,72 days 12:00:00,16.084896
2012-09-11 18:00:00,2012-07-01,72 days 18:00:00,14.899488
2012-09-12 00:00:00,2012-07-01,73 days 00:00:00,13.64028
2012-09-12 06:00:00,2012-07-01,73 days 06:00:00,13.390596
2012-09-12 12:00:00,2012-07-01,73 days 12:00:00,15.947982
2012-09-12 18:00:00,2012-07-01,73 days 18:00:00,14.420393
2012-09-13 00:00:00,2012-07-01,74 days 00:00:00,12.989654
2012-09-13 06:00:00,2012-07-01,74 days 06:00:00,12.709598
2012-09-13 12:00:00,2012-07-01,74 days 12:00:00,15.4799185
2012-09-13 18:00:00,2012-07-01,74 days 18:00:00,14.138973
2012-09-14 00:00:00,2012-07-01,75 days 00:00:00,12.9049015
2012-09-14 06:00:00,2012-07-01,75 days 06:00:00,12.728025
2012-09-14 12:00:00,2012-07-01,75 days 12:00:00,15.676007
2012-09-14 18:00:00,2012-07-01,75 days 18:00:00,14.1397
2012-09-15 00:00:00,2012-07-01,76 days 00:00:00,12.6879015
2012-09-15 06:00:00,2012-07-01,76 days 06:00:00,12.4582
2012-09-15 12:00:00,2012-07-01,76 days 12:00:00,15.48866
2012-09-15 18:00:00,2012-07-01,76 days 18:00:00,14.053673
2012-09-16 00:00:00,2012-07-01,77 days 00:00:00,12.714925
2012-09-16 06:00:00,2012-07-01,77 days 06:00:00,12.545509
2012-09-16 12:00:00,2012-07-01,77 days 12:00:00,15.518399
2012-09-16 18:00:00,2012-07-01,77 days 18:00:00,14.169721
2012-09-17 00:00:00,2012-07-01,78 days 00:00:00,12.894783
2012-09-17 06:00:00,2012-07-01,78 days 06:00:00,12.62978
2012-09-17 12:00:00,2012-07-01,78 days 12:00:00,15.328666
2012-09-17 18:00:00,2012-07-01,78 days 18:00:00,14.059455
2012-09-18 00:00:00,2012-07-01,79 days 00:00:00,12.915196
2012-09-18 06:00:00,2012-07-01,79 days 06:00:00,12.626973
2012-09-18 12:00:00,2012-07-01,79 days 12:00:00,15.173163
2012-09-18 18:00:00,2012-07-01,79 days 18:00:00,13.674208
2012-09-19 00:00:00,2012-07-01,80 days 00:00:00,12.47933
2012-09-19 06:00:00,2012-07-01,80 days 06:00:00,12.217973
2012-09-19 12:00:00,2012-07-01,80 days 12:00:00,14.949104
2012-09-19 18:00:00,2012-07-01,80 days 18:00:00,13.741466
2012-09-20 00:00:00,2012-07-01,81 days 00:00:00,12.630832
2012-09-20 06:00:00,2012-07-01,81 days 06:00:00,12.3579445
2012-09-20 12:00:00,2012-07-01,81 days 12:00:00,14.839416
2012-09-20 18:00:00,2012-07-01,81 days 18:00:00,13.609549
2012-09-21 00:00:00,2012-07-01,82 days 00:00:00,12.533983
2012-09-21 06:00:00,2012-07-01,82 days 06:00:00,12.158579
2012-09-21 12:00:00,2012-07-01,82 days 12:00:00,14.704855
2012-09-21 18:00:00,2012-07-01,82 days 18:00:00,13.472763
2012-09-22 00:00:00,2012-07-01,83 days 00:00:00,12.3031025
2012-09-22 06:00:00,2012-07-01,83 days 06:00:00,11.971734
2012-09-22 12:00:00,2012-07-01,83 days 12:00:00,14.578319
2012-09-22 18:00:00,2012-07-01,83 days 18:00:00,13.299016
2012-09-23 00:00:00,2012-07-01,84 days 00:00:00,12.144443
2012-09-23 06:00:00,2012-07-01,84 days 06:00:00,11.743836
2012-09-23 12:00:00,2012-07-01,84 days 12:00:00,14.553532
2012-09-23 18:00:00,2012-07-01,84 days 18:00:00,13.139184
2012-09-24 00:00:00,2012-07-01,85 days 00:00:00,12.0192585
2012-09-24 06:00:00,2012-07-01,85 days 06:00:00,11.770232
2012-09-24 12:00:00,2012-07-01,85 days 12:00:00,14.229206
2012-09-24 18:00:00,2012-07-01,85 days 18:00:00,12.753228
2012-09-25 00:00:00,2012-07-01,86 days 00:00:00,11.622653
2012-09-25 06:00:00,2012-07-01,86 days 06:00:00,11.197498
2012-09-25 12:00:00,2012-07-01,86 days 12:00:00,13.773088
2012-09-25 18:00:00,2012-07-01,86 days 18:00:00,12.527748
2012-09-26 00:00:00,2012-07-01,87 days 00:00:00,11.472298
2012-09-26 06:00:00,2012-07-01,87 days 06:00:00,11.130168
2012-09-26 12:00:00,2012-07-01,87 days 12:00:00,14.12839
2012-09-26 18:00:00,2012-07-01,87 days 18:00:00,12.8266535
2012-09-27 00:00:00,2012-07-01,88 days 00:00:00,11.721524
2012-09-27 06:00:00,2012-07-01,88 days 06:00:00,11.164414
2012-09-27 12:00:00,2012-07-01,88 days 12:00:00,13.990735
2012-09-27 18:00:00,2012-07-01,88 days 18:00:00,12.693297
2012-09-28 00:00:00,2012-07-01,89 days 00:00:00,11.591054
2012-09-28 06:00:00,2012-07-01,89 days 06:00:00,11.1758175
2012-09-28 12:00:00,2012-07-01,89 days 12:00:00,14.375196
2012-09-28 18:00:00,2012-07-01,89 days 18:00:00,12.991915
2012-09-29 00:00:00,2012-07-01,90 days 00:00:00,11.919189
2012-09-29 06:00:00,2012-07-01,90 days 06:00:00,11.334023
2012-09-29 12:00:00,2012-07-01,90 days 12:00:00,14.04746
2012-09-29 18:00:00,2012-07-01,90 days 18:00:00,12.572096
2012-09-30 00:00:00,2012-07-01,91 days 00:00:00,11.441661
2012-09-30 06:00:00,2012-07-01,91 days 06:00:00,10.925936
2012-09-30 12:00:00,2012-07-01,91 days 12:00:00,13.617699
2012-09-30 18:00:00,2012-07-01,91 days 18:00:00,12.287049
2012-10-01 00:00:00,2012-07-01,92 days 00:00:00,11.215409
2012-10-01 06:00:00,2012-07-01,92 days 06:00:00,10.642978
2012-10-01 12:00:00,2012-07-01,92 days 12:00:00,13.630996
2012-10-01 18:00:00,2012-07-01,92 days 18:00:00,12.195141
2012-10-02 00:00:00,2012-07-01,93 days 00:00:00,11.180108
2012-10-02 06:00:00,2012-07-01,93 days 06:00:00,10.713456
2012-10-02 12:00:00,2012-07-01,93 days 12:00:00,13.791713
2012-10-02 18:00:00,2012-07-01,93 days 18:00:00,12.315148
2012-10-03 00:00:00,2012-07-01,94 days 00:00:00,11.246711
2012-10-03 06:00:00,2012-07-01,94 days 06:00:00,10.892249
2012-10-03 12:00:00,2012-07-01,94 days 12:00:00,13.388341
2012-10-03 18:00:00,2012-07-01,94 days 18:00:00,12.28307
2012-10-04 00:00:00,2012-07-01,95 days 00:00:00,11.534048
2012-10-04 06:00:00,2012-07-01,95 days 06:00:00,11.207193
2012-10-04 12:00:00,2012-07-01,95 days 12:00:00,13.287859
2012-10-04 18:00:00,2012-07-01,95 days 18:00:00,11.919305
2012-10-05 00:00:00,2012-07-01,96 days 00:00:00,10.954248
2012-10-05 06:00:00,2012-07-01,96 days 06:00:00,10.604807
2012-10-05 12:00:00,2012-07-01,96 days 12:00:00,13.235996
2012-10-05 18:00:00,2012-07-01,96 days 18:00:00,12.086726
2012-10-06 00:00:00,2012-07-01,97 days 00:00:00,11.263982
2012-10-06 06:00:00,2012-07-01,97 days 06:00:00,10.784735
2012-10-06 12:00:00,2012-07-01,97 days 12:00:00,13.121264
2012-10-06 18:00:00,2012-07-01,97 days 18:00:00,11.787921
2012-10-07 00:00:00,2012-07-01,98 days 00:00:00,10.812478
2012-10-07 06:00:00,2012-07-01,98 days 06:00:00,10.431565
2012-10-07 12:00:00,2012-07-01,98 days 12:00:00,12.877884
2012-10-07 18:00:00,2012-07-01,98 days 18:00:00,11.718242
2012-10-08 00:00:00,2012-07-01,99 days 00:00:00,11.025626
2012-10-08 06:00:00,2012-07-01,99 days 06:00:00,10.584086
2012-10-08 12:00:00,2012-07-01,99 days 12:00:00,12.941798
2012-10-08 18:00:00,2012-07-01,99 days 18:00:00,11.70075
2012-10-09 00:00:00,2012-07-01,100 days 00:00:00,10.836329
2012-10-09 06:00:00,2012-07-01,100 days 06:00:00,10.40012
2012-10-09 12:00:00,2012-07-01,100 days 12:00:00,12.6269045
2012-10-09 18:00:00,2012-07-01,100 days 18:00:00,11.647346
2012-10-10 00:00:00,2012-07-01,101 days 00:00:00,10.900572
2012-10-10 06:00:00,2012-07-01,101 days 06:00:00,10.370511
2012-10-10 12:00:00,2012-07-01,101 days 12:00:00,12.680647
2012-10-10 18:00:00,2012-07-01,101 days 18:00:00,11.453447
2012-10-11 00:00:00,2012-07-01,102 days 00:00:00,10.5195875
2012-10-11 06:00:00,2012-07-01,102 days 06:00:00,9.945457
2012-10-11 12:00:00,2012-07-01,102 days 12:00:00,12.26337
2012-10-11 18:00:00,2012-07-01,102 days 18:00:00,10.991263
2012-10-12 00:00:00,2012-07-01,103 days 00:00:00,10.142763
2012-10-12 06:00:00,2012-07-01,103 days 06:00:00,9.930335
2012-10-12 12:00:00,2012-07-01,103 days 12:00:00,12.111292
2012-10-12 18:00:00,2012-07-01,103 days 18:00:00,11.052657
2012-10-13 00:00:00,2012-07-01,104 days 00:00:00,10.33074
2012-10-13 06:00:00,2012-07-01,104 days 06:00:00,9.862124
2012-10-13 12:00:00,2012-07-01,104 days 12:00:00,12.080479
2012-10-13 18:00:00,2012-07-01,104 days 18:00:00,11.03044
2012-10-14 00:00:00,2012-07-01,105 days 00:00:00,10.380394
2012-10-14 06:00:00,2012-07-01,105 days 06:00:00,10.060352
2012-10-14 12:00:00,2012-07-01,105 days 12:00:00,12.126019
2012-10-14 18:00:00,2012-07-01,105 days 18:00:00,10.921201
2012-10-15 00:00:00,2012-07-01,106 days 00:00:00,10.257334
2012-10-15 06:00:00,2012-07-01,106 days 06:00:00,9.799467
2012-10-15 12:00:00,2012-07-01,106 days 12:00:00,11.956785
2012-10-15 18:00:00,2012-07-01,106 days 18:00:00,10.7451315
2012-10-16 00:00:00,2012-07-01,107 days 00:00:00,9.833138
2012-10-16 06:00:00,2012-07-01,107 days 06:00:00,9.23484
2012-10-16 12:00:00,2012-07-01,107 days 12:00:00,11.611421
2012-10-16 18:00:00,2012-07-01,107 days 18:00:00,10.396528
2012-10-17 00:00:00,2012-07-01,108 days 00:00:00,9.689655
2012-10-17 06:00:00,2012-07-01,108 days 06:00:00,9.285067
2012-10-17 12:00:00,2012-07-01,108 days 12:00:00,11.564649
2012-10-17 18:00:00,2012-07-01,108 days 18:00:00,10.333202
2012-10-18 00:00:00,2012-07-01,109 days 00:00:00,9.52106
2012-10-18 06:00:00,2012-07-01,109 days 06:00:00,9.035479
2012-10-18 12:00:00,2012-07-01,109 days 12:00:00,10.950347
2012-10-18 18:00:00,2012-07-01,109 days 18:00:00,9.807026
2012-10-19 00:00:00,2012-07-01,110 days 00:00:00,8.94933
2012-10-19 06:00:00,2012-07-01,110 days 06:00:00,8.549125
2012-10-19 12:00:00,2012-07-01,110 days 12:00:00,10.952968
2012-10-19 18:00:00,2012-07-01,110 days 18:00:00,9.911536
2012-10-20 00:00:00,2012-07-01,111 days 00:00:00,9.223003
2012-10-20 06:00:00,2012-07-01,111 days 06:00:00,8.758233
2012-10-20 12:00:00,2012-07-01,111 days 12:00:00,10.856457
2012-10-20 18:00:00,2012-07-01,111 days 18:00:00,9.735508
2012-10-21 00:00:00,2012-07-01,112 days 00:00:00,9.194969
2012-10-21 06:00:00,2012-07-01,112 days 06:00:00,8.809864
2012-10-21 12:00:00,2012-07-01,112 days 12:00:00,10.51474
2012-10-21 18:00:00,2012-07-01,112 days 18:00:00,9.355544
2012-10-22 00:00:00,2012-07-01,113 days 00:00:00,8.618461
2012-10-22 06:00:00,2012-07-01,113 days 06:00:00,8.201481
2012-10-22 12:00:00,2012-07-01,113 days 12:00:00,10.2657175
2012-10-22 18:00:00,2012-07-01,113 days 18:00:00,9.10941
2012-10-23 00:00:00,2012-07-01,114 days 00:00:00,8.404703
2012-10-23 06:00:00,2012-07-01,114 days 06:00:00,8.041555
2012-10-23 12:00:00,2012-07-01,114 days 12:00:00,10.43633
2012-10-23 18:00:00,2012-07-01,114 days 18:00:00,9.33452
2012-10-24 00:00:00,2012-07-01,115 days 00:00:00,8.692203
2012-10-24 06:00:00,2012-07-01,115 days 06:00:00,8.324529
2012-10-24 12:00:00,2012-07-01,115 days 12:00:00,10.305637
2012-10-24 18:00:00,2012-07-01,115 days 18:00:00,9.178113
2012-10-25 00:00:00,2012-07-01,116 days 00:00:00,8.548716
2012-10-25 06:00:00,2012-07-01,116 days 06:00:00,8.239892
2012-10-25 12:00:00,2012-07-01,116 days 12:00:00,10.272016
2012-10-25 18:00:00,2012-07-01,116 days 18:00:00,9.148715
2012-10-26 00:00:00,2012-07-01,117 days 00:00:00,8.36153
2012-10-26 06:00:00,2012-07-01,117 days 06:00:00,7.892012
2012-10-26 12:00:00,2012-07-01,117 days 12:00:00,9.791135
2012-10-26 18:00:00,2012-07-01,117 days 18:00:00,8.620984
2012-10-27 00:00:00,2012-07-01,118 days 00:00:00,8.081103
2012-10-27 06:00:00,2012-07-01,118 days 06:00:00,7.684134
2012-10-27 12:00:00,2012-07-01,118 days 12:00:00,9.193113
2012-10-27 18:00:00,2012-07-01,118 days 18:00:00,8.253255
2012-10-28 00:00:00,2012-07-01,119 days 00:00:00,7.8018584
2012-10-28 06:00:00,2012-07-01,119 days 06:00:00,7.5295286
2012-10-28 12:00:00,2012-07-01,119 days 12:00:00,9.097433
2012-10-28 18:00:00,2012-07-01,119 days 18:00:00,8.246052
2012-10-29 00:00:00,2012-07-01,120 days 00:00:00,7.742736
2012-10-29 06:00:00,2012-07-01,120 days 06:00:00,7.375564
2012-10-29 12:00:00,2012-07-01,120 days 12:00:00,9.016248
2012-10-29 18:00:00,2012-07-01,120 days 18:00:00,8.225858
2012-10-30 00:00:00,2012-07-01,121 days 00:00:00,7.7125974
2012-10-30 06:00:00,2012-07-01,121 days 06:00:00,7.197925
2012-10-30 12:00:00,2012-07-01,121 days 12:00:00,8.680923
2012-10-30 18:00:00,2012-07-01,121 days 18:00:00,7.5386586
2012-10-31 00:00:00,2012-07-01,122 days 00:00:00,6.8994775
2012-10-31 06:00:00,2012-07-01,122 days 06:00:00,6.548935
2012-10-31 12:00:00,2012-07-01,122 days 12:00:00,8.522522
2012-10-31 18:00:00,2012-07-01,122 days 18:00:00,7.625195
2012-11-01 00:00:00,2012-07-01,123 days 00:00:00,7.0618477
2012-11-01 06:00:00,2012-07-01,123 days 06:00:00,6.7302637
2012-11-01 12:00:00,2012-07-01,123 days 12:00:00,8.448673
2012-11-01 18:00:00,2012-07-01,123 days 18:00:00,7.459201
2012-11-02 00:00:00,2012-07-01,124 days 00:00:00,6.9476604
2012-11-02 06:00:00,2012-07-01,124 days 06:00:00,6.630296
2012-11-02 12:00:00,2012-07-01,124 days 12:00:00,8.340127
2012-11-02 18:00:00,2012-07-01,124 days 18:00:00,7.1264715
2012-11-03 00:00:00,2012-07-01,125 days 00:00:00,6.5073724
2012-11-03 06:00:00,2012-07-01,125 days 06:00:00,6.155341
2012-11-03 12:00:00,2012-07-01,125 days 12:00:00,7.985305
2012-11-03 18:00:00,2012-07-01,125 days 18:00:00,6.865388
2012-11-04 00:00:00,2012-07-01,126 days 00:00:00,6.3088884
2012-11-04 06:00:00,2012-07-01,126 days 06:00:00,6.1318836
2012-11-04 12:00:00,2012-07-01,126 days 12:00:00,7.731409
2012-11-04 18:00:00,2012-07-01,126 days 18:00:00,6.830103
2012-11-05 00:00:00,2012-07-01,127 days 00:00:00,6.427952
2012-11-05 06:00:00,2012-07-01,127 days 06:00:00,6.2145624
2012-11-05 12:00:00,2012-07-01,127 days 12:00:00,7.371234
2012-11-05 18:00:00,2012-07-01,127 days 18:00:00,6.844818
2012-11-06 00:00:00,2012-07-01,128 days 00:00:00,6.5904527
2012-11-06 06:00:00,2012-07-01,128 days 06:00:00,6.3015046
2012-11-06 12:00:00,2012-07-01,128 days 12:00:00,7.3683586
2012-11-06 18:00:00,2012-07-01,128 days 18:00:00,6.2828174
2012-11-07 00:00:00,2012-07-01,129 days 00:00:00,5.6392894
2012-11-07 06:00:00,2012-07-01,129 days 06:00:00,5.3591294
2012-11-07 12:00:00,2012-07-01,129 days 12:00:00,6.979357
2012-11-07 18:00:00,2012-07-01,129 days 18:00:00,5.73012
2012-11-08 00:00:00,2012-07-01,130 days 00:00:00,4.972684
2012-11-08 06:00:00,2012-07-01,130 days 06:00:00,4.77822
2012-11-08 12:00:00,2012-07-01,130 days 12:00:00,6.768495
2012-11-08 18:00:00,2012-07-01,130 days 18:00:00,6.1585255
2012-11-09 00:00:00,2012-07-01,131 days 00:00:00,5.8593097
2012-11-09 06:00:00,2012-07-01,131 days 06:00:00,5.5642996
2012-11-09 12:00:00,2012-07-01,131 days 12:00:00,7.054937
2012-11-09 18:00:00,2012-07-01,131 days 18:00:00,6.229688
2012-11-10 00:00:00,2012-07-01,132 days 00:00:00,5.8744783
2012-11-10 06:00:00,2012-07-01,132 days 06:00:00,5.5798626
2012-11-10 12:00:00,2012-07-01,132 days 12:00:00,6.740154
2012-11-10 18:00:00,2012-07-01,132 days 18:00:00,5.744903
2012-11-11 00:00:00,2012-07-01,133 days 00:00:00,5.276156
2012-11-11 06:00:00,2012-07-01,133 days 06:00:00,5.0026274
2012-11-11 12:00:00,2012-07-01,133 days 12:00:00,6.4909534
2012-11-11 18:00:00,2012-07-01,133 days 18:00:00,5.4710097
2012-11-12 00:00:00,2012-07-01,134 days 00:00:00,5.0104094
2012-11-12 06:00:00,2012-07-01,134 days 06:00:00,4.7513065
2012-11-12 12:00:00,2012-07-01,134 days 12:00:00,6.05362
2012-11-12 18:00:00,2012-07-01,134 days 18:00:00,5.1608768
2012-11-13 00:00:00,2012-07-01,135 days 00:00:00,4.8423896
2012-11-13 06:00:00,2012-07-01,135 days 06:00:00,4.7188535
2012-11-13 12:00:00,2012-07-01,135 days 12:00:00,6.0354905
2012-11-13 18:00:00,2012-07-01,135 days 18:00:00,5.4240217
2012-11-14 00:00:00,2012-07-01,136 days 00:00:00,5.0565915
2012-11-14 06:00:00,2012-07-01,136 days 06:00:00,4.869059
2012-11-14 12:00:00,2012-07-01,136 days 12:00:00,6.311339
2012-11-14 18:00:00,2012-07-01,136 days 18:00:00,5.8116474
2012-11-15 00:00:00,2012-07-01,137 days 00:00:00,5.6245947
2012-11-15 06:00:00,2012-07-01,137 days 06:00:00,5.3506303
2012-11-15 12:00:00,2012-07-01,137 days 12:00:00,6.564502
2012-11-15 18:00:00,2012-07-01,137 days 18:00:00,5.5543284
2012-11-16 00:00:00,2012-07-01,138 days 00:00:00,5.2107124
2012-11-16 06:00:00,2012-07-01,138 days 06:00:00,5.038639
2012-11-16 12:00:00,2012-07-01,138 days 12:00:00,6.401145
2012-11-16 18:00:00,2012-07-01,138 days 18:00:00,5.3689227
2012-11-17 00:00:00,2012-07-01,139 days 00:00:00,4.944787
2012-11-17 06:00:00,2012-07-01,139 days 06:00:00,4.6453624
2012-11-17 12:00:00,2012-07-01,139 days 12:00:00,5.7335644
2012-11-17 18:00:00,2012-07-01,139 days 18:00:00,4.9432797
2012-11-18 00:00:00,2012-07-01,140 days 00:00:00,4.6611643
2012-11-18 06:00:00,2012-07-01,140 days 06:00:00,4.541841
2012-11-18 12:00:00,2012-07-01,140 days 12:00:00,5.662422
2012-11-18 18:00:00,2012-07-01,140 days 18:00:00,4.9701905
2012-11-19 00:00:00,2012-07-01,141 days 00:00:00,4.528924
2012-11-19 06:00:00,2012-07-01,141 days 06:00:00,4.245257
2012-11-19 12:00:00,2012-07-01,141 days 12:00:00,5.403798
2012-11-19 18:00:00,2012-07-01,141 days 18:00:00,4.5414495
2012-11-20 00:00:00,2012-07-01,142 days 00:00:00,3.8814638
2012-11-20 06:00:00,2012-07-01,142 days 06:00:00,3.5316532
2012-11-20 12:00:00,2012-07-01,142 days 12:00:00,4.5882154
2012-11-20 18:00:00,2012-07-01,142 days 18:00:00,3.8462675
2012-11-21 00:00:00,2012-07-01,143 days 00:00:00,3.6747077
2012-11-21 06:00:00,2012-07-01,143 days 06:00:00,3.7092836
2012-11-21 12:00:00,2012-07-01,143 days 12:00:00,4.9065137
2012-11-21 18:00:00,2012-07-01,143 days 18:00:00,4.299473
2012-11-22 00:00:00,2012-07-01,144 days 00:00:00,4.0045724
2012-11-22 06:00:00,2012-07-01,144 days 06:00:00,3.8598351
2012-11-22 12:00:00,2012-07-01,144 days 12:00:00,5.114118
2012-11-22 18:00:00,2012-07-01,144 days 18:00:00,4.8199983
2012-11-23 00:00:00,2012-07-01,145 days 00:00:00,4.6540976
2012-11-23 06:00:00,2012-07-01,145 days 06:00:00,4.3315816
2012-11-23 12:00:00,2012-07-01,145 days 12:00:00,5.2480097
2012-11-23 18:00:00,2012-07-01,145 days 18:00:00,4.4599924
2012-11-24 00:00:00,2012-07-01,146 days 00:00:00,4.161182
2012-11-24 06:00:00,2012-07-01,146 days 06:00:00,4.1060843
2012-11-24 12:00:00,2012-07-01,146 days 12:00:00,5.436489
2012-11-24 18:00:00,2012-07-01,146 days 18:00:00,4.68355
2012-11-25 00:00:00,2012-07-01,147 days 00:00:00,4.6886854
2012-11-25 06:00:00,2012-07-01,147 days 06:00:00,4.86011
2012-11-25 12:00:00,2012-07-01,147 days 12:00:00,5.8783345
2012-11-25 18:00:00,2012-07-01,147 days 18:00:00,5.1537166
2012-11-26 00:00:00,2012-07-01,148 days 00:00:00,4.8544
2012-11-26 06:00:00,2012-07-01,148 days 06:00:00,4.712719
2012-11-26 12:00:00,2012-07-01,148 days 12:00:00,5.712023
2012-11-26 18:00:00,2012-07-01,148 days 18:00:00,5.093218
2012-11-27 00:00:00,2012-07-01,149 days 00:00:00,4.948058
2012-11-27 06:00:00,2012-07-01,149 days 06:00:00,4.7207513
2012-11-27 12:00:00,2012-07-01,149 days 12:00:00,5.433735
2012-11-27 18:00:00,2012-07-01,149 days 18:00:00,4.87775
2012-11-28 00:00:00,2012-07-01,150 days 00:00:00,4.782365
2012-11-28 06:00:00,2012-07-01,150 days 06:00:00,4.616145
2012-11-28 12:00:00,2012-07-01,150 days 12:00:00,5.532863
2012-11-28 18:00:00,2012-07-01,150 days 18:00:00,4.719006
2012-11-29 00:00:00,2012-07-01,151 days 00:00:00,4.3895545
2012-11-29 06:00:00,2012-07-01,151 days 06:00:00,4.1990995
2012-11-29 12:00:00,2012-07-01,151 days 12:00:00,5.2426696
2012-11-29 18:00:00,2012-07-01,151 days 18:00:00,4.471858
2012-11-30 00:00:00,2012-07-01,152 days 00:00:00,4.180558
2012-11-30 06:00:00,2012-07-01,152 days 06:00:00,3.936502
2012-11-30 12:00:00,2012-07-01,152 days 12:00:00,4.8262715
2012-11-30 18:00:00,2012-07-01,152 days 18:00:00,3.948485
2012-12-01 00:00:00,2012-07-01,153 days 00:00:00,3.62867
2012-12-01 06:00:00,2012-07-01,153 days 06:00:00,3.543439
2012-12-01 12:00:00,2012-07-01,153 days 12:00:00,4.328054
2012-12-01 18:00:00,2012-07-01,153 days 18:00:00,3.6009896
2012-12-02 00:00:00,2012-07-01,154 days 00:00:00,3.3361385
2012-12-02 06:00:00,2012-07-01,154 days 06:00:00,3.3477058
2012-12-02 12:00:00,2012-07-01,154 days 12:00:00,4.43026
2012-12-02 18:00:00,2012-07-01,154 days 18:00:00,3.897657
2012-12-03 00:00:00,2012-07-01,155 days 00:00:00,3.6874368
2012-12-03 06:00:00,2012-07-01,155 days 06:00:00,3.5700731
2012-12-03 12:00:00,2012-07-01,155 days 12:00:00,4.5637116
2012-12-03 18:00:00,2012-07-01,155 days 18:00:00,4.0346894
2012-12-04 00:00:00,2012-07-01,156 days 00:00:00,3.702737
2012-12-04 06:00:00,2012-07-01,156 days 06:00:00,3.1280901
2012-12-04 12:00:00,2012-07-01,156 days 12:00:00,3.7949822
2012-12-04 18:00:00,2012-07-01,156 days 18:00:00,3.1681058
2012-12-05 00:00:00,2012-07-01,157 days 00:00:00,2.8889914
2012-12-05 06:00:00,2012-07-01,157 days 06:00:00,2.7742405
2012-12-05 12:00:00,2012-07-01,157 days 12:00:00,3.8205643
2012-12-05 18:00:00,2012-07-01,157 days 18:00:00,3.2864947
2012-12-06 00:00:00,2012-07-01,158 days 00:00:00,3.1397846
2012-12-06 06:00:00,2012-07-01,158 days 06:00:00,3.0603395
2012-12-06 12:00:00,2012-07-01,158 days 12:00:00,4.0160985
2012-12-06 18:00:00,2012-07-01,158 days 18:00:00,3.434318
2012-12-07 00:00:00,2012-07-01,159 days 00:00:00,3.194911
2012-12-07 06:00:00,2012-07-01,159 days 06:00:00,2.9240537
2012-12-07 12:00:00,2012-07-01,159 days 12:00:00,3.8068285
2012-12-07 18:00:00,2012-07-01,159 days 18:00:00,3.250389
2012-12-08 00:00:00,2012-07-01,160 days 00:00:00,3.3683434
2012-12-08 06:00:00,2012-07-01,160 days 06:00:00,3.6026216
2012-12-08 12:00:00,2012-07-01,160 days 12:00:00,4.334032
2012-12-08 18:00:00,2012-07-01,160 days 18:00:00,3.7499106
2012-12-09 00:00:00,2012-07-01,161 days 00:00:00,3.6175737
2012-12-09 06:00:00,2012-07-01,161 days 06:00:00,3.3597846
2012-12-09 12:00:00,2012-07-01,161 days 12:00:00,3.905242
2012-12-09 18:00:00,2012-07-01,161 days 18:00:00,3.276148
2012-12-10 00:00:00,2012-07-01,162 days 00:00:00,3.2451603
2012-12-10 06:00:00,2012-07-01,162 days 06:00:00,3.404173
2012-12-10 12:00:00,2012-07-01,162 days 12:00:00,4.245844
2012-12-10 18:00:00,2012-07-01,162 days 18:00:00,3.545374
2012-12-11 00:00:00,2012-07-01,163 days 00:00:00,3.1698937
2012-12-11 06:00:00,2012-07-01,163 days 06:00:00,2.6629198
2012-12-11 12:00:00,2012-07-01,163 days 12:00:00,3.343151
2012-12-11 18:00:00,2012-07-01,163 days 18:00:00,2.5120196
2012-12-12 00:00:00,2012-07-01,164 days 00:00:00,2.1462102
2012-12-12 06:00:00,2012-07-01,164 days 06:00:00,2.0063457
2012-12-12 12:00:00,2012-07-01,164 days 12:00:00,2.9438882
2012-12-12 18:00:00,2012-07-01,164 days 18:00:00,2.5604289
2012-12-13 00:00:00,2012-07-01,165 days 00:00:00,2.5177114
2012-12-13 06:00:00,2012-07-01,165 days 06:00:00,2.3800545
2012-12-13 12:00:00,2012-07-01,165 days 12:00:00,2.986795
2012-12-13 18:00:00,2012-07-01,165 days 18:00:00,2.203607
2012-12-14 00:00:00,2012-07-01,166 days 00:00:00,1.9048187
2012-12-14 06:00:00,2012-07-01,166 days 06:00:00,1.791989
2012-12-14 12:00:00,2012-07-01,166 days 12:00:00,2.658579
2012-12-14 18:00:00,2012-07-01,166 days 18:00:00,2.0187008
2012-12-15 00:00:00,2012-07-01,167 days 00:00:00,1.7458161
2012-12-15 06:00:00,2012-07-01,167 days 06:00:00,1.5872276
2012-12-15 12:00:00,2012-07-01,167 days 12:00:00,2.6327925
2012-12-15 18:00:00,2012-07-01,167 days 18:00:00,2.2789416
2012-12-16 00:00:00,2012-07-01,168 days 00:00:00,2.3019674
2012-12-16 06:00:00,2012-07-01,168 days 06:00:00,2.4249036
2012-12-16 12:00:00,2012-07-01,168 days 12:00:00,3.228638
2012-12-16 18:00:00,2012-07-01,168 days 18:00:00,2.5647721
2012-12-17 00:00:00,2012-07-01,169 days 00:00:00,2.3048453
2012-12-17 06:00:00,2012-07-01,169 days 06:00:00,2.0572815
2012-12-17 12:00:00,2012-07-01,169 days 12:00:00,2.9316337
2012-12-17 18:00:00,2012-07-01,169 days 18:00:00,2.394182
2012-12-18 00:00:00,2012-07-01,170 days 00:00:00,2.1541822
2012-12-18 06:00:00,2012-07-01,170 days 06:00:00,1.9692861
2012-12-18 12:00:00,2012-07-01,170 days 12:00:00,2.7935908
2012-12-18 18:00:00,2012-07-01,170 days 18:00:00,2.2342174
2012-12-19 00:00:00,2012-07-01,171 days 00:00:00,2.2267792
2012-12-19 06:00:00,2012-07-01,171 days 06:00:00,2.2372143
2012-12-19 12:00:00,2012-07-01,171 days 12:00:00,3.1860971
2012-12-19 18:00:00,2012-07-01,171 days 18:00:00,3.0182147
2012-12-20 00:00:00,2012-07-01,172 days 00:00:00,3.325208
2012-12-20 06:00:00,2012-07-01,172 days 06:00:00,3.5225825
2012-12-20 12:00:00,2012-07-01,172 days 12:00:00,4.3215876
2012-12-20 18:00:00,2012-07-01,172 days 18:00:00,3.9299679
2012-12-21 00:00:00,2012-07-01,173 days 00:00:00,3.726162
2012-12-21 06:00:00,2012-07-01,173 days 06:00:00,3.5869234
2012-12-21 12:00:00,2012-07-01,173 days 12:00:00,4.1801133
2012-12-21 18:00:00,2012-07-01,173 days 18:00:00,3.2086744
2012-12-22 00:00:00,2012-07-01,174 days 00:00:00,2.6575153
2012-12-22 06:00:00,2012-07-01,174 days 06:00:00,2.3953154
2012-12-22 12:00:00,2012-07-01,174 days 12:00:00,3.155951
2012-12-22 18:00:00,2012-07-01,174 days 18:00:00,2.689153
2012-12-23 00:00:00,2012-07-01,175 days 00:00:00,2.5634298
2012-12-23 06:00:00,2012-07-01,175 days 06:00:00,2.4353464
2012-12-23 12:00:00,2012-07-01,175 days 12:00:00,3.1253996
2012-12-23 18:00:00,2012-07-01,175 days 18:00:00,2.7126913
2012-12-24 00:00:00,2012-07-01,176 days 00:00:00,2.6095884
2012-12-24 06:00:00,2012-07-01,176 days 06:00:00,2.4622562
2012-12-24 12:00:00,2012-07-01,176 days 12:00:00,3.217273
2012-12-24 18:00:00,2012-07-01,176 days 18:00:00,2.783121
2012-12-25 00:00:00,2012-07-01,177 days 00:00:00,2.6156988
2012-12-25 06:00:00,2012-07-01,177 days 06:00:00,2.3510883
2012-12-25 12:00:00,2012-07-01,177 days 12:00:00,2.960706
2012-12-25 18:00:00,2012-07-01,177 days 18:00:00,2.214836
2012-12-26 00:00:00,2012-07-01,178 days 00:00:00,1.991378
2012-12-26 06:00:00,2012-07-01,178 days 06:00:00,1.9135488
2012-12-26 12:00:00,2012-07-01,178 days 12:00:00,2.676527
2012-12-26 18:00:00,2012-07-01,178 days 18:00:00,2.20732
2012-12-27 00:00:00,2012-07-01,179 days 00:00:00,1.9661525
2012-12-27 06:00:00,2012-07-01,179 days 06:00:00,1.8028418
2012-12-27 12:00:00,2012-07-01,179 days 12:00:00,2.5875468
2012-12-27 18:00:00,2012-07-01,179 days 18:00:00,2.0164456
2012-12-28 00:00:00,2012-07-01,180 days 00:00:00,1.6769818
2012-12-28 06:00:00,2012-07-01,180 days 06:00:00,1.5181875
2012-12-28 12:00:00,2012-07-01,180 days 12:00:00,2.1518717
2012-12-28 18:00:00,2012-07-01,180 days 18:00:00,1.6692181
2012-12-29 00:00:00,2012-07-01,181 days 00:00:00,1.3161569
2012-12-29 06:00:00,2012-07-01,181 days 06:00:00,1.2218356
2012-12-29 12:00:00,2012-07-01,181 days 12:00:00,2.030563
2012-12-29 18:00:00,2012-07-01,181 days 18:00:00,1.3718122
2012-12-30 00:00:00,2012-07-01,182 days 00:00:00,1.0734085
2012-12-30 06:00:00,2012-07-01,182 days 06:00:00,0.956491
2012-12-30 12:00:00,2012-07-01,182 days 12:00:00,1.9182415
2012-12-30 18:00:00,2012-07-01,182 days 18:00:00,1.219614
2012-12-31 00:00:00,2012-07-01,183 days 00:00:00,0.9028202
2012-12-31 06:00:00,2012-07-01,183 days 06:00:00,0.933646
2012-12-31 12:00:00,2012-07-01,183 days 12:00:00,1.8838078
2012-12-31 18:00:00,2012-07-01,183 days 18:00:00,1.2160487
